,,,,,,,,,,,,,,,,,,
,,,,,,,,,,,,,,,,,,
,,,,,,,,,,,,,,,,,,
,,,,,,,,,,,,,,,,,,
,,,,,,,,,,,,,,,,,,
,,,,,,Koordinat,qBF1Pd,MW4etd,UY7F9,W4Efsd,W4Efsd 2,W4Efsd 3,W4Efsd 4,W4Efsd 5,EgL07d src,R8c4Qb,W4Efsd 6,W4Efsd 7
,,,,,,,,,,,,,,,,,,
,,,,,,,,,,,,,,,,,,
,,,,,,https://www.google.com/maps/place/Ahass+Sinar+Mulia/data=!4m7!3m6!1s0x2dd629ccbbd52367:0x36bdf6ef26ff2a4!8m2!3d-7.9604255!4d112.636786!16s%2Fg%2F1hc73vt7v!19sChIJZyPVu8wp1i0RpPJv8m7fawM?authuser=0&hl=id&rclk=1,Ahass Sinar Mulia,"4,7",-284,Bengkel Sepeda Motor,·,Jl. Letjen Sutoyo No.43,Tutup,⋅ Buka Sen pukul 07.00,https://maps.gstatic.com/consumer/images/icons/2x/ic_directions_gm_blue_24px.png,Rute,·,(0341) 491044
,,,,,,https://www.google.com/maps/place/AHASS+Surya+Bangkit+Motor/data=!4m7!3m6!1s0x2dd629b88e6180d9:0xd7fea349834c2cfb!8m2!3d-7.9412709!4d112.6422589!16s%2Fg%2F11ghtlwv53!19sChIJ2YBhjrgp1i0R-yxMg0mj_tc?authuser=0&hl=id&rclk=1,AHASS Surya Bangkit Motor,"4,8",-505,Bengkel Sepeda Motor,·,Jl. A. Yani No.27-29,Tutup,·,https://www.gstatic.com/images/icons/material/system_gm/2x/public_gm_blue_24dp.png,Situs Web,0821-1162-5151,⋅ Buka Sen pukul 08.00
,,,,,,https://www.google.com/maps/place/Ambon+Bengkel/data=!4m7!3m6!1s0x2dd629d2156d45b9:0xa31cd31cff4f6e9f!8m2!3d-7.9576037!4d112.6303837!16s%2Fg%2F11g6bh60f9!19sChIJuUVtFdIp1i0Rn25P_xzTHKM?authuser=0&hl=id&rclk=1,Ambon Bengkel,"5,0",-3,Bengkel Sepeda Motor,·,Jl. Mawar Gg. 1 No.24,Buka,⋅ Tutup pukul 18.00,https://maps.gstatic.com/consumer/images/icons/2x/ic_directions_gm_blue_24px.png,Rute,·,0857-8424-2154
,,,,,,https://www.google.com/maps/place/amp%27d+Garage+%28Bengkel+Motor%29/data=!4m7!3m6!1s0x2dd629d48a8f48cf:0xc8eafc3d35fa99d1!8m2!3d-7.9345953!4d112.6262201!16s%2Fg%2F11jclmrsx9!19sChIJz0iPitQp1i0R0Zn6NT386sg?authuser=0&hl=id&rclk=1,amp'd Garage (Bengkel Motor),"5,0",-10,Bengkel Sepeda Motor,·,Jl. Terusan Sudimoro No.13,Tutup,⋅ Buka Sen pukul 07.30,https://maps.gstatic.com/consumer/images/icons/2x/ic_directions_gm_blue_24px.png,Rute,,
,,,,,,https://www.google.com/maps/place/Auto+Service+Kalpataru+Bengkel+kalpataru+By+castrol/data=!4m7!3m6!1s0x2dd629daf4394d39:0x55d5da5eebf454b5!8m2!3d-7.9483403!4d112.6257712!16s%2Fg%2F1hc16bz8p!19sChIJOU059Nop1i0RtVT0617a1VU?authuser=0&hl=id&rclk=1,Auto Service Kalpataru Bengkel kalpataru By castrol,"4,5",-180,Bengkel Mobil,·,Jl. Kalpataru No.141,Tutup,⋅ Buka Sen pukul 08.00,https://maps.gstatic.com/consumer/images/icons/2x/ic_directions_gm_blue_24px.png,Rute,·,0852-3464-9758
,,,,,,https://www.google.com/maps/place/Awal+Berjaya+Bengkel/data=!4m7!3m6!1s0x2dd6291fd131f5f7:0x432096d5c59d73a!8m2!3d-7.9409021!4d112.639852!16s%2Fg%2F11snyly_23!19sChIJ9_Ux0R8p1i0ROtdZXG0JMgQ?authuser=0&hl=id&rclk=1,Awal Berjaya Bengkel,"4,5",-20,Bengkel Mobil,·,"Jl. Borobudur No.45A, RT.002/RW.010",Segera tutup,⋅ 17.00 ⋅ Buka Sen pukul 08.00,https://maps.gstatic.com/consumer/images/icons/2x/ic_directions_gm_blue_24px.png,Rute,·,0815-2872-8881
,,,,,,https://www.google.com/maps/place/Be+Motor/data=!4m7!3m6!1s0x2dd629b930558bf7:0x48d8537105d99f92!8m2!3d-7.9457739!4d112.647612!16s%2Fg%2F11b76cdc96!19sChIJ94tVMLkp1i0Rkp_ZBXFT2Eg?authuser=0&hl=id&rclk=1,Be Motor,"4,3",-3,Bengkel Mobil,·,Jl. Sunandar Priyo Sudarmo No.22A,Tutup sementara,·,https://maps.gstatic.com/consumer/images/icons/2x/ic_directions_gm_blue_24px.png,Rute,0818-0380-1188,
,,,,,,https://www.google.com/maps/place/Bengkel/data=!4m7!3m6!1s0x2dd629bf3a698eb9:0xef1f14053212a620!8m2!3d-7.9400293!4d112.6414854!16s%2Fg%2F11j3mzn_8_!19sChIJuY5pOr8p1i0RIKYSMgUUH-8?authuser=0&hl=id&rclk=1,Bengkel,,,Bengkel Sepeda Motor,·,Jl. Borobudur Gg. IV No.23,,,https://maps.gstatic.com/consumer/images/icons/2x/ic_directions_gm_blue_24px.png,Rute,0897-0455-922,
,,,,,,https://www.google.com/maps/place/BENGKEL+%22+ASPAWI+%22/data=!4m7!3m6!1s0x2dd629c29069ed97:0xfd0df8bede72fdce!8m2!3d-7.941688!4d112.633899!16s%2Fg%2F11b6vjx080!19sChIJl-1pkMIp1i0Rzv1y3r74Df0?authuser=0&hl=id&rclk=1,"BENGKEL "" ASPAWI ""","4,9",-53,Bengkel Mobil,·,Jl. C. Badut No.44,Tutup,⋅ Buka Sen pukul 08.00,https://maps.gstatic.com/consumer/images/icons/2x/ic_directions_gm_blue_24px.png,Rute,·,0812-1608-5191
,,,,,,https://www.google.com/maps/place/Bengkel+%22+Green+Boy%27s+%22/data=!4m7!3m6!1s0x2dd629be93c7b2af:0xc4d58300e5a854b4!8m2!3d-7.9433856!4d112.64823!16s%2Fg%2F11b6hykp10!19sChIJr7LHk74p1i0RtFSo5QCD1cQ?authuser=0&hl=id&rclk=1,"Bengkel "" Green Boy's ""","4,6",-11,Bengkel Sepeda Motor,·,"3J4X+J7X, Jl. Raden Panji Suroso",Tutup,⋅ Buka Sen pukul 08.00,https://maps.gstatic.com/consumer/images/icons/2x/ic_directions_gm_blue_24px.png,Rute,·,0856-4645-6410
,,,,,,https://www.google.com/maps/place/Bengkel+%22Tiara+Motor%22/data=!4m7!3m6!1s0x2dd62996008cd355:0x435b51de0424c4b3!8m2!3d-7.939884!4d112.649755!16s%2Fg%2F11b6_r_63z!19sChIJVdOMAJYp1i0Rs8QkBN5RW0M?authuser=0&hl=id&rclk=1,"Bengkel ""Tiara Motor""","4,5",-33,Bengkel Sepeda Motor,·,Jl. Raden Panji Suroso No.9 B,Buka,⋅ Tutup pukul 22.00,https://maps.gstatic.com/consumer/images/icons/2x/ic_directions_gm_blue_24px.png,Rute,·,0822-3278-9596
,,,,,,https://www.google.com/maps/place/Bengkel+Agung+Jaya+Motor/data=!4m7!3m6!1s0x2dd629958f1d1aa3:0x905142110620d103!8m2!3d-7.9432159!4d112.6418225!16s%2Fg%2F1hc1byrmr!19sChIJoxodj5Up1i0RA9EgBhFCUZA?authuser=0&hl=id&rclk=1,Bengkel Agung Jaya Motor,"4,8",-40,Bengkel Sepeda Motor,·,Jl. A. Yani No.18-D,Tutup,⋅ Buka Sen pukul 09.00,https://maps.gstatic.com/consumer/images/icons/2x/ic_directions_gm_blue_24px.png,Rute,·,(0341) 476848
,,,,,,https://www.google.com/maps/place/Bengkel+AnD+Pak+Yuyud/data=!4m7!3m6!1s0x2dd62836279a3c85:0x652002f49d41b3aa!8m2!3d-7.9658399!4d112.6396036!16s%2Fg%2F11g7nxm8lb!19sChIJhTyaJzYo1i0RqrNBnfQCIGU?authuser=0&hl=id&rclk=1,Bengkel AnD Pak Yuyud,"4,5",-6,Bengkel Mobil,·,Jl. Tuntang Gg. II No.63,Tutup,·,https://www.gstatic.com/images/icons/material/system_gm/2x/public_gm_blue_24dp.png,Situs Web,0851-0033-9394,⋅ Buka Sen pukul 08.00
,,,,,,https://www.google.com/maps/place/Bengkel+Annico/data=!4m7!3m6!1s0x2dd629b9da80903d:0x1dbf7cd6d1f7af8d!8m2!3d-7.9497892!4d112.6478043!16s%2Fg%2F1hc23h886!19sChIJPZCA2rkp1i0Rja_30dZ8vx0?authuser=0&hl=id&rclk=1,Bengkel Annico,"4,6",-34,Bengkel Mobil,·,"JL. Tenaga Baru VI 9, Malang, 65125, Blimbing",Tutup,⋅ Buka Sen pukul 08.00,https://maps.gstatic.com/consumer/images/icons/2x/ic_directions_gm_blue_24px.png,Rute,·,(0341) 417818
,,,,,,https://www.google.com/maps/place/Bengkel+Antok/data=!4m7!3m6!1s0x2e788321f0df78fd:0xeb62ffbcf3adbfc2!8m2!3d-7.9503469!4d112.6196841!16s%2Fg%2F11fnv2z8cw!19sChIJ_Xjf8CGDeC4Rwr-t87z_Yus?authuser=0&hl=id&rclk=1,Bengkel Antok,,,Bengkel Sepeda Motor,·,"2JX9+VV7, Jl. Bunga Kumis Kucing",,,https://maps.gstatic.com/consumer/images/icons/2x/ic_directions_gm_blue_24px.png,Rute,,
,,,,,,https://www.google.com/maps/place/Bengkel+Anugrah/data=!4m7!3m6!1s0x2dd629d48974f531:0xa5c38f44a3b909ee!8m2!3d-7.9594664!4d112.6251392!16s%2Fg%2F1hm5s0nf_!19sChIJMfV0idQp1i0R7gm5o0SPw6U?authuser=0&hl=id&rclk=1,Bengkel Anugrah,"4,7",-67,Bengkel Mobil,·,Jl. Mayjend Panjaitan No.14,Segera tutup,⋅ 17.00 ⋅ Buka Sen pukul 08.30,https://maps.gstatic.com/consumer/images/icons/2x/ic_directions_gm_blue_24px.png,Rute,·,(0341) 553358
,,,,,,https://www.google.com/maps/place/Bengkel+Anugrah+Motor/data=!4m7!3m6!1s0x2dd629a59f9c4c93:0x7446d909376ad7c5!8m2!3d-7.9484442!4d112.658822!16s%2Fg%2F11b6d5wwdj!19sChIJk0ycn6Up1i0RxddqNwnZRnQ?authuser=0&hl=id&rclk=1,Bengkel Anugrah Motor,"3,0",-1,Bengkel Motor Elektrik,·,Jl. Laksda Adi Sucipto No.361,Segera tutup,⋅ 17.00 ⋅ Buka Sen pukul 08.00,https://maps.gstatic.com/consumer/images/icons/2x/ic_directions_gm_blue_24px.png,Rute,·,0812-3361-6859
,,,,,,https://www.google.com/maps/place/Bengkel+Araya/data=!4m7!3m6!1s0x2dd629967540c307:0x348df79a33ef917a!8m2!3d-7.938736!4d112.649747!16s%2Fg%2F11f2wcsz_b!19sChIJB8NAdZYp1i0RepHvM5r3jTQ?authuser=0&hl=id&rclk=1,Bengkel Araya,"4,0",-2,Bengkel Mobil,·,Jl. Raden Panji Suroso No.36,Buka,⋅ Tutup pukul 20.00,https://maps.gstatic.com/consumer/images/icons/2x/ic_directions_gm_blue_24px.png,Rute,·,0822-3273-8533
,,,,,,https://www.google.com/maps/place/Bengkel+ARB+Motor+malang/data=!4m7!3m6!1s0x2e789388cd611bbb:0x25002dc457f9ba41!8m2!3d-7.9427971!4d112.6528701!16s%2Fg%2F11gbxbhm0p!19sChIJuxthzYiTeC4RQbr5V8QtACU?authuser=0&hl=id&rclk=1,Bengkel ARB Motor malang,"4,2",-5,Bengkel Sepeda Motor,·,Jl. Tlk. Grajakan No.15,Buka,·,https://www.gstatic.com/images/icons/material/system_gm/2x/public_gm_blue_24dp.png,Situs Web,0856-5113-8598,⋅ Tutup pukul 21.00
,,,,,,https://www.google.com/maps/place/BENGKEL+ARIFIN+MALANG/data=!4m7!3m6!1s0x2dd629489f2bad77:0x7eae3bdabd84caaf!8m2!3d-7.9601569!4d112.6474092!16s%2Fg%2F11fqs_p3ll!19sChIJd60rn0gp1i0Rr8qEvdo7rn4?authuser=0&hl=id&rclk=1,BENGKEL ARIFIN MALANG,"5,0",-12,Bengkel Mobil,·,Jl. Sebuku 2 No.11,Buka 24 jam,·,https://www.gstatic.com/images/icons/material/system_gm/2x/public_gm_blue_24dp.png,Situs Web,0812-4963-4279,
,,,,,,https://www.google.com/maps/place/Bengkel+Arsuma/data=!4m7!3m6!1s0x2dd62995c413444d:0xd53b573805605973!8m2!3d-7.9384753!4d112.6486471!16s%2Fg%2F11b6jgl_wz!19sChIJTUQTxJUp1i0Rc1lgBThXO9U?authuser=0&hl=id&rclk=1,Bengkel Arsuma,"4,9",-10,Bengkel Mobil,·,"3J6X+JF2, Jl. Plaosan Bar.",Tutup,⋅ Buka Sen pukul 08.00,https://maps.gstatic.com/consumer/images/icons/2x/ic_directions_gm_blue_24px.png,Rute,·,0813-3401-6807
,,,,,,https://www.google.com/maps/place/Bengkel+Asri/data=!4m7!3m6!1s0x2dd629ca907cac5d:0x1f2f1795a59a532a!8m2!3d-7.9591035!4d112.6428699!16s%2Fg%2F1hm4lt7ff!19sChIJXax8kMop1i0RKlOapZUXLx8?authuser=0&hl=id&rclk=1,Bengkel Asri,"4,0",-361,Bengkel Sepeda Motor,·,Jl. Tumenggung Suryo No.129,Tutup,⋅ Buka Sen pukul 08.00,https://maps.gstatic.com/consumer/images/icons/2x/ic_directions_gm_blue_24px.png,Rute,·,(0341) 411633
,,,,,,https://www.google.com/maps/place/Bengkel+Babe/data=!4m7!3m6!1s0x2e788277b0fd5357:0xdadbcb6ecaa6b9de!8m2!3d-7.950009!4d112.6178714!16s%2Fg%2F11hbvb384q!19sChIJV1P9sHeCeC4R3rmmym7L29o?authuser=0&hl=id&rclk=1,Bengkel Babe,"5,0",-7,Bengkel Sepeda Motor,·,"2JX9+X4X, Jl. Bunga Kumis Kucing",Buka sekarang,,https://maps.gstatic.com/consumer/images/icons/2x/ic_directions_gm_blue_24px.png,Rute,·,0822-5704-5000
,,,,,,https://www.google.com/maps/place/Bengkel+Betek+Motor+%28Pak+Wi%29/data=!4m7!3m6!1s0x2dd629d6318e00d1:0x14743caa2801e8e4!8m2!3d-7.954769!4d112.6207864!16s%2Fg%2F11s9c8zg_n!19sChIJ0QCOMdYp1i0R5OgBKKo8dBQ?authuser=0&hl=id&rclk=1,Bengkel Betek Motor (Pak Wi),,,Bengkel Mobil,·,Jl. Mayjend Panjaitan No.96,,,https://maps.gstatic.com/consumer/images/icons/2x/ic_directions_gm_blue_24px.png,Rute,,
,,,,,,https://www.google.com/maps/place/Bengkel+Body+Ketok+Magic+-+Berkah+Jaya/data=!4m7!3m6!1s0x2dd629df665aae23:0x2bdecaadbe5efe71!8m2!3d-7.939187!4d112.6497937!16s%2Fg%2F11rnk1bnrk!19sChIJI65aZt8p1i0Rcf5evq3K3is?authuser=0&hl=id&rclk=1,Bengkel Body Ketok Magic - Berkah Jaya,"5,0",-1,Bengkel Mobil,·,Jl. Plaosan Timur No.113,Tutup,⋅ Buka Sen pukul 07.30,https://maps.gstatic.com/consumer/images/icons/2x/ic_directions_gm_blue_24px.png,Rute,·,0823-2844-0607
,,,,,,https://www.google.com/maps/place/BENGKEL+BODY+REPAIR+%22+WIN+%22+CAT+DUCO/data=!4m7!3m6!1s0x2dd6299da89376bd:0x18381e07b894eed!8m2!3d-7.9572888!4d112.6548154!16s%2Fg%2F11ghp15j2j!19sChIJvXaTqJ0p1i0R7U6Je-CBgwE?authuser=0&hl=id&rclk=1,"BENGKEL BODY REPAIR "" WIN "" CAT DUCO","5,0",-40,Bengkel Mobil,·,Jl. Simpang Sulfat Utara XI No.01,Tutup,⋅ Buka Sen pukul 08.30,https://maps.gstatic.com/consumer/images/icons/2x/ic_directions_gm_blue_24px.png,Rute,·,0813-3337-3809
,,,,,,https://www.google.com/maps/place/Bengkel+Borobudur/data=!4m7!3m6!1s0x2dd629e850287b57:0x50e65c4fe7a4895d!8m2!3d-7.936144!4d112.6269799!16s%2Fg%2F11r8dk2ff!19sChIJV3soUOgp1i0RXYmk509c5lA?authuser=0&hl=id&rclk=1,Bengkel Borobudur,"4,6",-282,Bengkel Mobil,·,Jl. Sudimoro No.10a,Tutup,⋅ Buka Sen pukul 08.00,https://maps.gstatic.com/consumer/images/icons/2x/ic_directions_gm_blue_24px.png,Rute,·,0851-0646-8000
,,,,,,https://www.google.com/maps/place/Bengkel+BoschPump+Mandiri/data=!4m7!3m6!1s0x2dd6284cc3dbca93:0xba0ee27a5cfc9ef0!8m2!3d-7.961119!4d112.651721!16s%2Fg%2F1hm5lq1gk!19sChIJk8rbw0wo1i0R8J78XHriDro?authuser=0&hl=id&rclk=1,Bengkel BoschPump Mandiri,"4,4",-26,Bengkel Mobil,·,Jl. Sulfat No.94,Tutup,⋅ Buka Sen pukul 08.00,https://maps.gstatic.com/consumer/images/icons/2x/ic_directions_gm_blue_24px.png,Rute,·,0812-5265-4666
,,,,,,https://www.google.com/maps/place/Bengkel+C65/data=!4m7!3m6!1s0x2dd629b615005253:0xf61165385c3cadfd!8m2!3d-7.954489!4d112.645017!16s%2Fg%2F11b6cq39fd!19sChIJU1IAFbYp1i0R_a08XDhlEfY?authuser=0&hl=id&rclk=1,Bengkel C65,"4,7",-3,Bengkel Mobil,·,Jl. Ciliwung No.65,Tutup,⋅ Buka Sen pukul 08.00,https://maps.gstatic.com/consumer/images/icons/2x/ic_directions_gm_blue_24px.png,Rute,·,0815-5566-6477
,,,,,,https://www.google.com/maps/place/Bengkel+Cahaya+Motor/data=!4m7!3m6!1s0x2dd629d79b8988e9:0xef83b22562d6e47c!8m2!3d-7.952663!4d112.622464!16s%2Fg%2F11b6gc5qs5!19sChIJ6YiJm9cp1i0RfOTWYiWyg-8?authuser=0&hl=id&rclk=1,Bengkel Cahaya Motor,"3,8",-6,Bengkel Mobil,·,"2JWC+WXP, Jl. Bunga Srigading",Tutup,⋅ Buka Sen pukul 08.00,https://maps.gstatic.com/consumer/images/icons/2x/ic_directions_gm_blue_24px.png,Rute,·,(0341) 488847
,,,,,,https://www.google.com/maps/place/Bengkel+Cak+Tono/data=!4m7!3m6!1s0x2dd62981ae333423:0xb0d38237e3aad353!8m2!3d-7.9350789!4d112.626457!16s%2Fg%2F11gh2qplrt!19sChIJIzQzroEp1i0RU9Oq4zeC07A?authuser=0&hl=id&rclk=1,Bengkel Cak Tono,"5,0",-2,Bengkel Sepeda Motor,·,"Jl. Terusan Sudimoro, RT.4/RW.7",Tutup,·,https://www.gstatic.com/images/icons/material/system_gm/2x/public_gm_blue_24dp.png,Situs Web,0822-3274-6979,⋅ Buka Sen pukul 08.30
,,,,,,https://www.google.com/maps/place/Bengkel+Cobra+Motor/data=!4m7!3m6!1s0x2dd629dee897d01b:0xa04736f0cf446d8e!8m2!3d-7.9451568!4d112.6236728!16s%2Fg%2F11d_76d2b4!19sChIJG9CX6N4p1i0Rjm1Ez_A2R6A?authuser=0&hl=id&rclk=1,Bengkel Cobra Motor,"4,5",-25,Bengkel Sepeda Motor,·,Kendalsari Gg. 1 No.81,Tutup,⋅ Buka Sen pukul 07.00,https://maps.gstatic.com/consumer/images/icons/2x/ic_directions_gm_blue_24px.png,Rute,·,0858-5998-3797
,,,,,,https://www.google.com/maps/place/Bengkel+Didik+Motor/data=!4m7!3m6!1s0x2dd629e07d153b25:0x5acd96d189a4883a!8m2!3d-7.9410631!4d112.6227478!16s%2Fg%2F1pztx8v90!19sChIJJTsVfeAp1i0ROoikidGWzVo?authuser=0&hl=id&rclk=1,Bengkel Didik Motor,"5,0",-1,Bengkel Mobil,·,"3J5F+H3H, Jl. Soekarno Hatta",,,https://maps.gstatic.com/consumer/images/icons/2x/ic_directions_gm_blue_24px.png,Rute,0815-5552-720,
,,,,,,https://www.google.com/maps/place/Bengkel+Dinamo/data=!4m7!3m6!1s0x2dd629b11ea426fd:0x231f1b6a95d2a809!8m2!3d-7.9363076!4d112.6420155!16s%2Fg%2F11jzvrccrt!19sChIJ_SakHrEp1i0RCajSlWobHyM?authuser=0&hl=id&rclk=1,Bengkel Dinamo,,,Bengkel Mobil,·,Jl. Kemirahan Gg 2G No.32,,,https://maps.gstatic.com/consumer/images/icons/2x/ic_directions_gm_blue_24px.png,Rute,,
,,,,,,https://www.google.com/maps/place/Bengkel+Dinamo+%22Barokah%22/data=!4m7!3m6!1s0x2dd629d684bddeff:0xf8a0e44b75667bf5!8m2!3d-7.9547445!4d112.6455038!16s%2Fg%2F11gh0564pp!19sChIJ_969hNYp1i0R9XtmdUvkoPg?authuser=0&hl=id&rclk=1,"Bengkel Dinamo ""Barokah""","5,0",-2,Bengkel Mobil,·,Jl. Bauksit No.3,Tutup,⋅ Buka Sen pukul 09.00,https://maps.gstatic.com/consumer/images/icons/2x/ic_directions_gm_blue_24px.png,Rute,·,0822-3299-1116
,,,,,,https://www.google.com/maps/place/Bengkel+dinamo+malang/data=!4m7!3m6!1s0x2dd629ce7cbda763:0x42f317b9dab1bb2d!8m2!3d-7.9560117!4d112.6317373!16s%2Fg%2F11t3gz09m9!19sChIJY6e9fM4p1i0RLbux2rkX80I?authuser=0&hl=id&rclk=1,Bengkel dinamo malang,,,Bengkel Mobil,·,Jl. Melati No.8,Buka 24 jam,,https://maps.gstatic.com/consumer/images/icons/2x/ic_directions_gm_blue_24px.png,Rute,·,0896-9256-8164
,,,,,,https://www.google.com/maps/place/Bengkel+Dulkam+Test/data=!4m7!3m6!1s0x2dd629cc9cdd7101:0xdbd5ca8c42659cfd!8m2!3d-7.9593547!4d112.6375262!16s%2Fg%2F11d_z9dbv8!19sChIJAXHdnMwp1i0R_ZxlQozK1ds?authuser=0&hl=id&rclk=1,Bengkel Dulkam Test,,,Bengkel Mobil,·,"Jl. Letjen Sutoyo No.90, RW.02",Tutup,⋅ Buka Sen pukul 10.00,https://maps.gstatic.com/consumer/images/icons/2x/ic_directions_gm_blue_24px.png,Rute,·,(0341) 536497
,,,,,,https://www.google.com/maps/place/Bengkel+Gendut+Motor/data=!4m7!3m6!1s0x2dd629fa6324b9cf:0x974dd252086ec535!8m2!3d-7.928225!4d112.630974!16s%2Fg%2F11f1w9y9yg!19sChIJz7kkY_op1i0RNcVuCFLSTZc?authuser=0&hl=id&rclk=1,Bengkel Gendut Motor,"4,0",-11,Bengkel Sepeda Motor,·,"Jl. Terusan Piranha Atas No.,132",Buka,⋅ Tutup pukul 22.00,https://maps.gstatic.com/consumer/images/icons/2x/ic_directions_gm_blue_24px.png,Rute,·,0812-3307-9838
,,,,,,https://www.google.com/maps/place/Bengkel+Gilimanuk/data=!4m7!3m6!1s0x2dd629d3910e4179:0xd5d96bb08e064f2a!8m2!3d-7.9586049!4d112.6275328!16s%2Fg%2F11b6v0h1dg!19sChIJeUEOkdMp1i0RKk8GjrBr2dU?authuser=0&hl=id&rclk=1,Bengkel Gilimanuk,"4,8",-11,Bengkel Mobil,·,Jl. Gilimanuk No.8,Segera tutup,⋅ 17.00 ⋅ Buka Sen pukul 07.00,https://maps.gstatic.com/consumer/images/icons/2x/ic_directions_gm_blue_24px.png,Rute,·,0838-3553-7900
,,,,,,https://www.google.com/maps/place/Bengkel+Gvr+Motor+Modified/data=!4m7!3m6!1s0x2dd629be8dd44c4d:0x41b08f81e8fa36a2!8m2!3d-7.9430837!4d112.6483635!16s%2Fg%2F1hm4tc66d!19sChIJTUzUjb4p1i0Rojb66IGPsEE?authuser=0&hl=id&rclk=1,Bengkel Gvr Motor Modified,"4,7",-36,Bengkel Sepeda Motor,·,Jl. Raden Panji Suroso No.3,Tutup,·,https://www.gstatic.com/images/icons/material/system_gm/2x/public_gm_blue_24dp.png,Situs Web,0852-0414-3939,⋅ Buka Sen pukul 08.30
,,,,,,https://www.google.com/maps/place/Bengkel+hamsa/data=!4m7!3m6!1s0x2dd6299d100103e5:0x933457380f56b88c!8m2!3d-7.9540219!4d112.6453613!16s%2Fg%2F11r7hjz8l4!19sChIJ5QMBEJ0p1i0RjLhWDzhXNJM?authuser=0&hl=id&rclk=1,Bengkel hamsa,"4,0",-3,Bengkel Mobil,·,2JWW+94X,Tutup,⋅ Buka Sen pukul 08.30,https://maps.gstatic.com/consumer/images/icons/2x/ic_directions_gm_blue_24px.png,Rute,·,0881-0266-09775
,,,,,,https://www.google.com/maps/place/Bengkel+Han%27s+motor/data=!4m7!3m6!1s0x2dd629e77bdae6cb:0x70609aafcecc1624!8m2!3d-7.9408603!4d112.6283928!16s%2Fg%2F11b6g45m8n!19sChIJy-bae-cp1i0RJBbMzq-aYHA?authuser=0&hl=id&rclk=1,Bengkel Han's motor,"4,8",-25,Bengkel Mobil,·,Jl. Trs.Candi Mendut No.1a,Tutup,⋅ Buka Sen pukul 07.30,https://maps.gstatic.com/consumer/images/icons/2x/ic_directions_gm_blue_24px.png,Rute,·,0813-3423-7224
,,,,,,https://www.google.com/maps/place/Bengkel+Haumeni/data=!4m7!3m6!1s0x2dd629a52fadc321:0x1e9b4504523cc3f7!8m2!3d-7.9478039!4d112.6562109!16s%2Fg%2F1pzs3c08l!19sChIJIcOtL6Up1i0R98M8UgRFmx4?authuser=0&hl=id&rclk=1,Bengkel Haumeni,"1,0",-5,Bengkel Motor Elektrik,·,Jl. Laksda Adi Sucipto No.325,Segera tutup,⋅ 17.00 ⋅ Buka Sen pukul 08.00,https://maps.gstatic.com/consumer/images/icons/2x/ic_directions_gm_blue_24px.png,Rute,·,0859-5433-4246
,,,,,,https://www.google.com/maps/place/Bengkel+Heri+Brengos/data=!4m7!3m6!1s0x2dd629b27e4db471:0xd0d2c2b6ea162e01!8m2!3d-7.9574239!4d112.6554308!16s%2Fg%2F11hc_vm2d2!19sChIJcbRNfrIp1i0RAS4W6rbC0tA?authuser=0&hl=id&rclk=1,Bengkel Heri Brengos,"5,0",-5,Bengkel Mobil,·,Jl. Simpang Sulfat Utara XI No.26,Segera tutup,⋅ 17.00 ⋅ Buka Sen pukul 08.00,https://maps.gstatic.com/consumer/images/icons/2x/ic_directions_gm_blue_24px.png,Rute,·,0851-0025-7170
,,,,,,https://www.google.com/maps/place/Bengkel+Honda/data=!4m7!3m6!1s0x2dd629cc841cfa7b:0x1b0d367ae34840a5!8m2!3d-7.9588167!4d112.6373201!16s%2Fg%2F11fr3lsgy9!19sChIJe_ochMwp1i0RpUBI43o2DRs?authuser=0&hl=id&rclk=1,Bengkel Honda,"5,0",-2,Bengkel Mobil,·,Jl. Letjen Sutoyo No.75,Tutup,⋅ Buka Sen pukul 08.00,https://maps.gstatic.com/consumer/images/icons/2x/ic_directions_gm_blue_24px.png,Rute,,
,,,,,,https://www.google.com/maps/place/Bengkel+Hoye/data=!4m7!3m6!1s0x2dd629b4f92fc837:0xd6ee9629b615e2fa!8m2!3d-7.958231!4d112.647092!16s%2Fg%2F11b764p646!19sChIJN8gv-bQp1i0R-uIVtimW7tY?authuser=0&hl=id&rclk=1,Bengkel Hoye,"4,0",-3,Bengkel Mobil,·,"2JRW+PR4, Jl. Silikat",Tutup,⋅ Buka Sen pukul 08.00,https://maps.gstatic.com/consumer/images/icons/2x/ic_directions_gm_blue_24px.png,Rute,·,(0341) 418819
,,,,,,https://www.google.com/maps/place/Bengkel+Huda+Sport/data=!4m7!3m6!1s0x2dd6284abd117fcf:0x5eabad7fe3341352!8m2!3d-7.9619085!4d112.6445989!16s%2Fg%2F11b75j6_sr!19sChIJz38RvUoo1i0RUhM043-tq14?authuser=0&hl=id&rclk=1,Bengkel Huda Sport,"5,0",-2,Bengkel Sepeda Motor,·,"2JQV+6RQ, Jl. Sanan",Segera tutup,⋅ 17.00 ⋅ Buka Sen pukul 07.30,https://maps.gstatic.com/consumer/images/icons/2x/ic_directions_gm_blue_24px.png,Rute,·,(0341) 9806652
,,,,,,https://www.google.com/maps/place/BENGKEL+ICIKIWIR/data=!4m7!3m6!1s0x2dd62998336e8523:0x23a0fd6f30c243ff!8m2!3d-7.9555304!4d112.6483343!16s%2Fg%2F11s9bhd_jp!19sChIJI4VuM5gp1i0R_0PCMG_9oCM?authuser=0&hl=id&rclk=1,BENGKEL ICIKIWIR,,,Bengkel Bongkar Pasang Mesin,·,Jl. Timah No.29,,,https://maps.gstatic.com/consumer/images/icons/2x/ic_directions_gm_blue_24px.png,Rute,,
,,,,,,https://www.google.com/maps/place/Bengkel+Iwan+Segho+Lodeh+Racing+Team/data=!4m7!3m6!1s0x2dd629cd4667fe3d:0x785d1f8059b7641e!8m2!3d-7.9606726!4d112.6332699!16s%2Fg%2F11c6zx0c4m!19sChIJPf5nRs0p1i0RHmS3WYAfXXg?authuser=0&hl=id&rclk=1,Bengkel Iwan Segho Lodeh Racing Team,"5,0",-17,Bengkel Sepeda Motor,·,"2JQM+P8J, Jl. Nongko Jajar III",Segera tutup,⋅ 17.00 ⋅ Buka Sen pukul 10.00,https://maps.gstatic.com/consumer/images/icons/2x/ic_directions_gm_blue_24px.png,Rute,,
,,,,,,https://www.google.com/maps/place/BENGKEL+KADIKA+JAYA+SERVICE/data=!4m7!3m6!1s0x2dd629e473213f47:0xa337011a7269701b!8m2!3d-7.9350089!4d112.6264281!16s%2Fg%2F11b6vhk487!19sChIJRz8hc-Qp1i0RG3BpchoBN6M?authuser=0&hl=id&rclk=1,BENGKEL KADIKA JAYA SERVICE,"5,0",-6,Bengkel Sepeda Motor,·,"Jl. Terusan Sudimoro No.6, RT.04/RW.07",Tutup,·,https://www.gstatic.com/images/icons/material/system_gm/2x/public_gm_blue_24dp.png,Situs Web,0851-0255-9937,⋅ Buka Sen pukul 08.00
,,,,,,https://www.google.com/maps/place/Bengkel+Kasiadi/data=!4m7!3m6!1s0x2e78820986cea1fd:0x42ffb2da30a8e338!8m2!3d-7.9365877!4d112.6172994!16s%2Fg%2F11gcdnx0kl!19sChIJ_aHOhgmCeC4ROOOoMNqy_0I?authuser=0&hl=id&rclk=1,Bengkel Kasiadi,"4,8",-5,Bengkel Sepeda Motor,·,Jl. Simpang Candi Panggung No.60,,,https://maps.gstatic.com/consumer/images/icons/2x/ic_directions_gm_blue_24px.png,Rute,0813-3440-7627,
,,,,,,https://www.google.com/maps/place/Bengkel+Kerabat+Motor/data=!4m7!3m6!1s0x2dd629d1f948a195:0xbd53b8c0a20c53b7!8m2!3d-7.9561109!4d112.6314222!16s%2Fg%2F1hm4nhwj1!19sChIJlaFI-dEp1i0Rt1MMosC4U70?authuser=0&hl=id&rclk=1,Bengkel Kerabat Motor,"4,5",-34,Bengkel Sepeda Motor,·,Jl. Bungur No.11A,Tutup,·,https://www.gstatic.com/images/icons/material/system_gm/2x/public_gm_blue_24dp.png,Situs Web,0812-5514-4001,⋅ Buka Sen pukul 08.00
,,,,,,https://www.google.com/maps/place/Bengkel+Krisna/data=!4m7!3m6!1s0x2e78820f55bf37a9:0x723eae0393a07e42!8m2!3d-7.9314183!4d112.6138755!16s%2Fg%2F11fy93rwfq!19sChIJqTe_VQ-CeC4RQn6gkwOuPnI?authuser=0&hl=id&rclk=1,Bengkel Krisna,"4,6",-16,Bengkel Sepeda Motor,·,Jl. Akordion No.98,Buka,·,https://www.gstatic.com/images/icons/material/system_gm/2x/public_gm_blue_24dp.png,Situs Web,0812-3135-8096,⋅ Tutup pukul 22.00
,,,,,,https://www.google.com/maps/place/Bengkel+Las+Malang/data=!4m7!3m6!1s0x2dd629e474251073:0x5ae15b955269f9d3!8m2!3d-7.9347444!4d112.6259582!16s%2Fg%2F11c3kqqfgx!19sChIJcxAldOQp1i0R0_lpUpVb4Vo?authuser=0&hl=id&rclk=1,Bengkel Las Malang,"3,3",-11,Montir,·,"No, Jl. Terusan Sudimoro No.13a",,,https://maps.gstatic.com/consumer/images/icons/2x/ic_directions_gm_blue_24px.png,Rute,0852-3657-7013,
,,,,,,https://www.google.com/maps/place/Bengkel+Las+Surya+Abadi/data=!4m7!3m6!1s0x2dd629dc1e3f5359:0xe459013db1e573dd!8m2!3d-7.945549!4d112.625852!16s%2Fg%2F11b6gcn04l!19sChIJWVM_Htwp1i0R3XPlsT0BWeQ?authuser=0&hl=id&rclk=1,Bengkel Las Surya Abadi,,,Bengkel Logam,·,Jl. Kendalsari No.10,Tutup,⋅ Buka Sen pukul 09.00,https://maps.gstatic.com/consumer/images/icons/2x/ic_directions_gm_blue_24px.png,Rute,·,0888-0333-1803
,,,,,,https://www.google.com/maps/place/Bengkel+Las+Teter+Cat+Stel+Pintu+Jok/data=!4m7!3m6!1s0x2dd629b648e6f793:0xd9c94023b9ebc791!8m2!3d-7.9529951!4d112.6457096!16s%2Fg%2F11b6c95b41!19sChIJk_fmSLYp1i0RkcfruSNAydk?authuser=0&hl=id&rclk=1,Bengkel Las Teter Cat Stel Pintu Jok,"5,0",-1,Bengkel Mobil,·,Jl. Sunandar Priyo Sudarmo No.19,Tutup,⋅ Buka Sen pukul 08.00,https://maps.gstatic.com/consumer/images/icons/2x/ic_directions_gm_blue_24px.png,Rute,·,(0341) 7013922
,,,,,,https://www.google.com/maps/place/Bengkel+Las-+Bubut/data=!4m7!3m6!1s0x2dd629e103efc535:0xf4bbc2ad7006b92d!8m2!3d-7.938762!4d112.623272!16s%2Fg%2F11btmcj8rz!19sChIJNcXvA-Ep1i0RLbkGcK3Cu_Q?authuser=0&hl=id&rclk=1,Bengkel Las- Bubut,"4,1",-18,Bengkel Mobil,·,Jl. Candi Panggung No.3,Tutup,⋅ Buka Sen pukul 08.00,https://maps.gstatic.com/consumer/images/icons/2x/ic_directions_gm_blue_24px.png,Rute,·,(0341) 471570
,,,,,,https://www.google.com/maps/place/Bengkel+Lembang.+3/data=!4m7!3m6!1s0x2dd6282d39a57ec7:0xb1edf34d8e2a19c9!8m2!3d-7.9624267!4d112.6300713!16s%2Fg%2F11b6dw868f!19sChIJx36lOS0o1i0RyRkqjk3z7bE?authuser=0&hl=id&rclk=1,Bengkel Lembang. 3,"4,6",-8,Bengkel Mobil,·,"2JQJ+22G, Jl. Lembang",Tutup,⋅ Buka Sen pukul 09.00,https://maps.gstatic.com/consumer/images/icons/2x/ic_directions_gm_blue_24px.png,Rute,·,0838-3444-4600
,,,,,,https://www.google.com/maps/place/Bengkel+Lumintu+Motor/data=!4m7!3m6!1s0x2e788266a84e085d:0x402194e0579ffa0b!8m2!3d-7.957579!4d112.60185!16s%2Fg%2F11b75h1p_0!19sChIJXQhOqGaCeC4RC_qfV-CUIUA?authuser=0&hl=id&rclk=1,Bengkel Lumintu Motor,"4,8",-4,Bengkel Sepeda Motor,·,Jl. Raya Candi V No.357,Buka,⋅ Tutup pukul 21.00,https://maps.gstatic.com/consumer/images/icons/2x/ic_directions_gm_blue_24px.png,Rute,·,(0341) 2904690
,,,,,,https://www.google.com/maps/place/Bengkel+Luwak/data=!4m7!3m6!1s0x2dd629eddcbf6ef5:0xafef92c0db3d0590!8m2!3d-7.9321667!4d112.6383859!16s%2Fg%2F11f3ss0p0w!19sChIJ9W6_3O0p1i0RkAU928CS768?authuser=0&hl=id&rclk=1,Bengkel Luwak,"4,9",-14,Bengkel Sepeda Motor,·,Jl. Ters. Ikan Nus I No.2,Tutup,⋅ Buka Sen pukul 09.00,https://maps.gstatic.com/consumer/images/icons/2x/ic_directions_gm_blue_24px.png,Rute,·,0851-0048-3478
,,,,,,https://www.google.com/maps/place/Bengkel+Mandiri/data=!4m7!3m6!1s0x2dd62921699488af:0x807853f93add726f!8m2!3d-7.961119!4d112.6517209!16s%2Fg%2F11q2nn27r8!19sChIJr4iUaSEp1i0Rb3LdOvlTeIA?authuser=0&hl=id&rclk=1,Bengkel Mandiri,"5,0",-4,Bengkel Bongkar Pasang Mesin,·,Jl. Sulfat No.94,,,https://maps.gstatic.com/consumer/images/icons/2x/ic_directions_gm_blue_24px.png,Rute,,
,,,,,,https://www.google.com/maps/place/Bengkel+mas+Eddy+DNS/data=!4m7!3m6!1s0x2dd629a9d73e9981:0x39cc2be8c335ea8!8m2!3d-7.9510015!4d112.6246107!16s%2Fg%2F11p_220z5f!19sChIJgZk-16kp1i0RqF4zjL7CnAM?authuser=0&hl=id&rclk=1,Bengkel mas Eddy DNS,"5,0",-2,Bengkel Mobil,·,Jl. Simp. Bunga Tj. No.19a,,,https://maps.gstatic.com/consumer/images/icons/2x/ic_directions_gm_blue_24px.png,Rute,,
,,,,,,https://www.google.com/maps/place/Bengkel+Mbitch/data=!4m7!3m6!1s0x2dd629934047ca2d:0x3d33aec9b6d22118!8m2!3d-7.9340592!4d112.6451087!16s%2Fg%2F11b6pzmj8l!19sChIJLcpHQJMp1i0RGCHStsmuMz0?authuser=0&hl=id&rclk=1,Bengkel Mbitch,"5,0",-1,Bengkel Mobil,·,"3J8W+92H, Jl. Sumpil 1",,,https://maps.gstatic.com/consumer/images/icons/2x/ic_directions_gm_blue_24px.png,Rute,(0341) 7335461,
,,,,,,https://www.google.com/maps/place/Bengkel+Memet/data=!4m7!3m6!1s0x2e78826ee92ec8cf:0x9fc60a71a44c73b9!8m2!3d-7.9493336!4d112.6037881!16s%2Fg%2F11gf10z5_w!19sChIJz8gu6W6CeC4RuXNMpHEKxp8?authuser=0&hl=id&rclk=1,Bengkel Memet,"5,0",-13,Bengkel Sepeda Motor,·,Jl. Joyo Suko No.14,Buka,⋅ Tutup pukul 22.00,https://maps.gstatic.com/consumer/images/icons/2x/ic_directions_gm_blue_24px.png,Rute,·,0812-4979-2175
,,,,,,https://www.google.com/maps/place/bengkel+mendut/data=!4m7!3m6!1s0x2dd629debe60ded1:0x66be32e184175257!8m2!3d-7.9429906!4d112.6321717!16s%2Fg%2F11q4cczt4d!19sChIJ0d5gvt4p1i0RV1IXhOEyvmY?authuser=0&hl=id&rclk=1,bengkel mendut,,,Bengkel Mobil,·,"3J4J+RV3, Jl. Candi Mendut",,,https://maps.gstatic.com/consumer/images/icons/2x/ic_directions_gm_blue_24px.png,Rute,,
,,,,,,https://www.google.com/maps/place/Bengkel+Millenial+Workshop/data=!4m7!3m6!1s0x2e78836c8cc185fb:0x8ef2f52cc6eed698!8m2!3d-7.9401357!4d112.6152526!16s%2Fg%2F11h775mjdb!19sChIJ-4XBjGyDeC4RmNbuxiz18o4?authuser=0&hl=id&rclk=1,Bengkel Millenial Workshop,"4,7",-3,Bengkel Mobil,·,Jl. Kuping Gajah No.46,Tutup,⋅ Buka Sen pukul 10.00,https://maps.gstatic.com/consumer/images/icons/2x/ic_directions_gm_blue_24px.png,Rute,·,0857-5566-4070
,,,,,,https://www.google.com/maps/place/Bengkel+Ming/data=!4m7!3m6!1s0x2dd629eacb0f41a5:0xc5bab52d8fc935bd!8m2!3d-7.9433315!4d112.6421249!16s%2Fg%2F1hc32nld3!19sChIJpUEPy-op1i0RvTXJjy21usU?authuser=0&hl=id&rclk=1,Bengkel Ming,"4,5",-13,Bengkel Sepeda Motor,·,Jl. A. Yani No.91,Tutup,⋅ Buka Sen pukul 07.00,https://maps.gstatic.com/consumer/images/icons/2x/ic_directions_gm_blue_24px.png,Rute,,
,,,,,,https://www.google.com/maps/place/Bengkel+Mobil/data=!4m7!3m6!1s0x2e78827519cb0525:0xe66d0839ba5972b7!8m2!3d-7.9433511!4d112.6175555!16s%2Fg%2F11b6ghvqhk!19sChIJJQXLGXWCeC4Rt3JZujkIbeY?authuser=0&hl=id&rclk=1,Bengkel Mobil,"4,7",-38,Bengkel Mobil,·,"3J49+M23, Jl. Pisang Kipas",Tutup,⋅ Buka Sen pukul 09.00,https://maps.gstatic.com/consumer/images/icons/2x/ic_directions_gm_blue_24px.png,Rute,·,0821-3289-5703
,,,,,,https://www.google.com/maps/place/Bengkel+mobil/data=!4m7!3m6!1s0x2dd629bf0ace9ab9:0x69e775a483923ec6!8m2!3d-7.9429962!4d112.6452444!16s%2Fg%2F11c713926c!19sChIJuZrOCr8p1i0Rxj6Sg6R152k?authuser=0&hl=id&rclk=1,Bengkel mobil,,,Bengkel Mobil,·,"3J4W+R35, Jl. La. Sucipto XII",,,https://maps.gstatic.com/consumer/images/icons/2x/ic_directions_gm_blue_24px.png,Rute,,
,,,,,,https://www.google.com/maps/place/Bengkel+mobil+%22ipunk+motor%22/data=!4m7!3m6!1s0x2dd6299bf4df9153:0xd792ee30cc6abca0!8m2!3d-7.9372291!4d112.6560622!16s%2Fg%2F11g71b70z4!19sChIJU5Hf9Jsp1i0RoLxqzDDuktc?authuser=0&hl=id&rclk=1,"Bengkel mobil ""ipunk motor""","5,0",-22,Bengkel Mobil,·,Jl. Blimbing Indah Tengah VIII No.c3/6,Tutup,⋅ Buka Sen pukul 08.00,https://maps.gstatic.com/consumer/images/icons/2x/ic_directions_gm_blue_24px.png,Rute,·,0853-3636-1030
,,,,,,https://www.google.com/maps/place/Bengkel+Mobil+%22Kharomah%22/data=!4m7!3m6!1s0x2e78826499e20a9f:0xe3e16176c1579392!8m2!3d-7.9565418!4d112.6057817!16s%2Fg%2F1pzsmjcbq!19sChIJnwrimWSCeC4RkpNXwXZh4eM?authuser=0&hl=id&rclk=1,"Bengkel Mobil ""Kharomah""","1,0",-1,Bengkel Sepeda Motor,·,Jl. Sigura - Gura No.21,,,https://maps.gstatic.com/consumer/images/icons/2x/ic_directions_gm_blue_24px.png,Rute,(0341) 7747626,
,,,,,,https://www.google.com/maps/place/Bengkel+Mobil+%22Sueb+Jaya%22/data=!4m7!3m6!1s0x2dd629e73cb79e51:0x79d0b7f12481b4dd!8m2!3d-7.9296719!4d112.6359028!16s%2Fg%2F11h_bq4rzs!19sChIJUZ63POcp1i0R3bSBJPG30Hk?authuser=0&hl=id&rclk=1,"Bengkel Mobil ""Sueb Jaya""",,,Bengkel Mobil,·,Jl. Terusan Ikan Piranha Atas No.35,,,https://maps.gstatic.com/consumer/images/icons/2x/ic_directions_gm_blue_24px.png,Rute,,
,,,,,,https://www.google.com/maps/place/Bengkel+Mobil+%22Yanto%22/data=!4m7!3m6!1s0x2e78820f0439ed53:0x8c96db1bcafa7a9!8m2!3d-7.9345216!4d112.611339!16s%2Fg%2F11b74253tr!19sChIJU-05BA-CeC4RqaevvLFtyQg?authuser=0&hl=id&rclk=1,"Bengkel Mobil ""Yanto""","4,0",-2,Bengkel Mobil,·,"3J86+5GW, Jl. Kenanga Indah",Segera tutup,⋅ 17.00 ⋅ Buka Sen pukul 08.00,https://maps.gstatic.com/consumer/images/icons/2x/ic_directions_gm_blue_24px.png,Rute,·,0897-1677-848
,,,,,,https://www.google.com/maps/place/BENGKEL+MOBIL+27+SUMPIL/data=!4m7!3m6!1s0x2dd629c122f9cb0d:0x898891912b7a91bc!8m2!3d-7.9327708!4d112.644466!16s%2Fg%2F11pb17svrj!19sChIJDcv5IsEp1i0RvJF6K5GRiIk?authuser=0&hl=id&rclk=1,BENGKEL MOBIL 27 SUMPIL,"4,7",-11,Bengkel Mobil,·,Jl. Sumpil 2 No.27,Tutup,⋅ Buka Sen pukul 08.00,https://maps.gstatic.com/consumer/images/icons/2x/ic_directions_gm_blue_24px.png,Rute,·,0812-4937-7168
,,,,,,https://www.google.com/maps/place/Bengkel+Mobil+A3R/data=!4m7!3m6!1s0x2dd6291652cf2699:0x822699cbcb015ec7!8m2!3d-7.9263057!4d112.6418146!16s%2Fg%2F11j139fngg!19sChIJmSbPUhYp1i0Rx14By8uZJoI?authuser=0&hl=id&rclk=1,Bengkel Mobil A3R,,,Bengkel Mobil,·,"Jl. Polowijen II No.473, RT.01/RW.03",,,https://maps.gstatic.com/consumer/images/icons/2x/ic_directions_gm_blue_24px.png,Rute,0818-140-746,
,,,,,,https://www.google.com/maps/place/Bengkel+Mobil+AHFA+Auto+Service/data=!4m7!3m6!1s0x2dd6298156fc2607:0xcc1386dc57071b24!8m2!3d-7.9341051!4d112.6245434!16s%2Fg%2F11t27jc7m_!19sChIJByb8VoEp1i0RJBsHV9yGE8w?authuser=0&hl=id&rclk=1,Bengkel Mobil AHFA Auto Service,,,Bengkel Mobil,·,Jl. Terusan Sudimoro II No.1B,Tutup,⋅ Buka Sen pukul 08.00,https://maps.gstatic.com/consumer/images/icons/2x/ic_directions_gm_blue_24px.png,Rute,·,0812-4900-5758
,,,,,,https://www.google.com/maps/place/Bengkel+mobil+ANDRI+SERVICE/data=!4m7!3m6!1s0x2dd6291a55e0dda9:0xe176987e52d1f6ce!8m2!3d-7.9526473!4d112.6449147!16s%2Fg%2F11tk22flh5!19sChIJqd3gVRop1i0RzvbRUn6YduE?authuser=0&hl=id&rclk=1,Bengkel mobil ANDRI SERVICE,,,Bengkel Sepeda Motor,·,Jl. Ciliwung II No.32,Tutup,⋅ Buka Sen pukul 08.00,https://maps.gstatic.com/consumer/images/icons/2x/ic_directions_gm_blue_24px.png,Rute,·,0812-3288-2311
,,,,,,https://www.google.com/maps/place/Bengkel+mobil+anugrah/data=!4m7!3m6!1s0x2dd62b71b9debce7:0xc39d1605e753b197!8m2!3d-7.9190489!4d112.6218556!16s%2Fg%2F11n88q7k5x!19sChIJ57zeuXEr1i0Rl7FT5wUWncM?authuser=0&hl=id&rclk=1,Bengkel mobil anugrah,"5,0",-1,Bengkel Mobil,·,Jl. Atletik No.29,Tutup,⋅ Buka Sen pukul 08.00,https://maps.gstatic.com/consumer/images/icons/2x/ic_directions_gm_blue_24px.png,Rute,·,0852-3464-6699
,,,,,,https://www.google.com/maps/place/BENGKEL+MOBIL+BAROKAH+JAYA+Cak+Kud/data=!4m7!3m6!1s0x2dd629dac2f2ba77:0x2b11534ae502e20a!8m2!3d-7.9437928!4d112.6533731!16s%2Fg%2F11hdf8tx1c!19sChIJd7rywtop1i0RCuIC5UpTESs?authuser=0&hl=id&rclk=1,BENGKEL MOBIL BAROKAH JAYA Cak Kud,,,Bengkel Mobil,·,"Jl. Tlk. Grajakan, RT.1/RW.14",Tutup,·,https://www.gstatic.com/images/icons/material/system_gm/2x/public_gm_blue_24dp.png,Situs Web,0813-3331-3536,⋅ Buka Sen pukul 08.00
,,,,,,https://www.google.com/maps/place/Bengkel+mobil+Bima+Motor/data=!4m7!3m6!1s0x2dd6283368ec8ac9:0x9853af8c79573450!8m2!3d-7.962472!4d112.636922!16s%2Fg%2F11b75mrss7!19sChIJyYrsaDMo1i0RUDRXeYyvU5g?authuser=0&hl=id&rclk=1,Bengkel mobil Bima Motor,"4,6",-14,Bengkel Mobil,·,Jl. Batanghari No.9A,Segera tutup,⋅ 17.00 ⋅ Buka Sen pukul 08.00,https://maps.gstatic.com/consumer/images/icons/2x/ic_directions_gm_blue_24px.png,Rute,·,0813-3051-5145
,,,,,,https://www.google.com/maps/place/Bengkel+Mobil+Brewok/data=!4m7!3m6!1s0x2dd6294553452ba7:0xa27d58718f7169a5!8m2!3d-7.9571603!4d112.6420246!16s%2Fg%2F11ndxr90hm!19sChIJpytFU0Up1i0RpWlxj3FYfaI?authuser=0&hl=id&rclk=1,Bengkel Mobil Brewok,"3,0",-1,Bengkel Mobil,·,2JVR+4RJ,,,https://maps.gstatic.com/consumer/images/icons/2x/ic_directions_gm_blue_24px.png,Rute,0856-3580-007,
,,,,,,https://www.google.com/maps/place/Bengkel+Mobil+Ciliwung/data=!4m7!3m6!1s0x2dd629c8f3172601:0x88457c4bee47ae49!8m2!3d-7.9521963!4d112.6402224!16s%2Fg%2F1hm4sm2q6!19sChIJASYX88gp1i0RSa5H7kt8RYg?authuser=0&hl=id&rclk=1,Bengkel Mobil Ciliwung,"5,0",-1,Bengkel Mobil,·,Jl. Ciliwung No.5 F,Tutup sementara,,https://maps.gstatic.com/consumer/images/icons/2x/ic_directions_gm_blue_24px.png,Rute,,
,,,,,,https://www.google.com/maps/place/Bengkel+Mobil+dan+Restorasi+Garasie19/data=!4m7!3m6!1s0x2dd62965dcfbd525:0x7d0ea620666e704!8m2!3d-7.9494048!4d112.6251481!16s%2Fg%2F11fmdwmk24!19sChIJJdX73GUp1i0RBOdmBmLq0Ac?authuser=0&hl=id&rclk=1,Bengkel Mobil dan Restorasi Garasie19,"4,8",-11,Bengkel Mobil,·,Jl. Bunga Mondokaki No.19,Tutup,·,https://www.gstatic.com/images/icons/material/system_gm/2x/public_gm_blue_24dp.png,Situs Web,0851-0065-9494,⋅ Buka Sen pukul 09.00
,,,,,,https://www.google.com/maps/place/Bengkel+Mobil+Dokter+Mobil+Malang/data=!4m7!3m6!1s0x2dd629c9905fb957:0x586c8783bb2f0d66!8m2!3d-7.9543946!4d112.6318577!16s%2Fg%2F11rnf8j1lj!19sChIJV7lfkMkp1i0RZg0vu4OHbFg?authuser=0&hl=id&rclk=1,Bengkel Mobil Dokter Mobil Malang,"4,5",-115,Bengkel Mobil,·,Jl. Melati No.32A,Segera tutup,·,https://www.gstatic.com/images/icons/material/system_gm/2x/public_gm_blue_24dp.png,Situs Web,0813-1082-8969,⋅ 17.00 ⋅ Buka Sen pukul 09.00
,,,,,,https://www.google.com/maps/place/Bengkel+Mobil+Gasolinengine/data=!4m7!3m6!1s0x2e788209062ddb71:0x51dbec74ef46abe4!8m2!3d-7.937878!4d112.621052!16s%2Fg%2F11b6j8pttv!19sChIJcdstBgmCeC4R5KtG73Ts21E?authuser=0&hl=id&rclk=1,Bengkel Mobil Gasolinengine,"5,0",-3,Bengkel Mobil,·,Jl. Candi Panggung No.27,Segera tutup,⋅ 17.00 ⋅ Buka Sen pukul 08.00,https://maps.gstatic.com/consumer/images/icons/2x/ic_directions_gm_blue_24px.png,Rute,·,0857-4957-5790
,,,,,,https://www.google.com/maps/place/Bengkel+Mobil+Gazoline+Engine/data=!4m7!3m6!1s0x2e788209b71f6177:0x84b06e8469fc03bc!8m2!3d-7.9350496!4d112.6165554!16s%2Fg%2F11g1lllmxf!19sChIJd2EftwmCeC4RvAP8aYRusIQ?authuser=0&hl=id&rclk=1,Bengkel Mobil Gazoline Engine,"4,8",-18,Bengkel Mobil,·,Jl. Candi Panggung Bar. No.27,Tutup,⋅ Buka Sen pukul 08.00,https://maps.gstatic.com/consumer/images/icons/2x/ic_directions_gm_blue_24px.png,Rute,·,0823-3135-0002
,,,,,,https://www.google.com/maps/place/Bengkel+Mobil+Irwan+Service/data=!4m7!3m6!1s0x2dd629cf2e45e127:0xf99a182ce79e50fe!8m2!3d-7.953045!4d112.6372821!16s%2Fg%2F11c2p_3h6j!19sChIJJ-FFLs8p1i0R_lCe5ywYmvk?authuser=0&hl=id&rclk=1,Bengkel Mobil Irwan Service,"4,7",-23,Bengkel Mobil,·,Jl. Kedawung V No.1,Tutup,⋅ Buka Sen pukul 08.30,https://maps.gstatic.com/consumer/images/icons/2x/ic_directions_gm_blue_24px.png,Rute,·,0812-5214-899
,,,,,,https://www.google.com/maps/place/Bengkel+mobil+iwan/data=!4m7!3m6!1s0x2dd629d9e6c7c691:0xf8e2b6da16bd4727!8m2!3d-7.951809!4d112.6338719!16s%2Fg%2F11s5453bg5!19sChIJkcbH5tkp1i0RJ0e9Ftq24vg?authuser=0&hl=id&rclk=1,Bengkel mobil iwan,"5,0",-6,Bengkel Mobil,·,Jl. Kedawung No.101A,Tutup,⋅ Buka Sen pukul 08.00,https://maps.gstatic.com/consumer/images/icons/2x/ic_directions_gm_blue_24px.png,Rute,·,0852-3413-4505
,,,,,,https://www.google.com/maps/place/Bengkel+mobil+jaya+servis/data=!4m7!3m6!1s0x2dd62998a2a3397b:0xecb735c11e848807!8m2!3d-7.9367717!4d112.6266696!16s%2Fg%2F11jmyn7_zp!19sChIJezmjopgp1i0RB4iEHsE1t-w?authuser=0&hl=id&rclk=1,Bengkel mobil jaya servis,"5,0",-3,Bengkel Mobil,·,Jl. Sudimoro No.2,Buka 24 jam,·,https://www.gstatic.com/images/icons/material/system_gm/2x/public_gm_blue_24dp.png,Situs Web,0813-3337-2778,
,,,,,,https://www.google.com/maps/place/Bengkel+Mobil+Jenggot/data=!4m7!3m6!1s0x2dd629cbe748d0fd:0x3b49915e3d56a6de!8m2!3d-7.9570367!4d112.6389548!16s%2Fg%2F1tjbjq1x!19sChIJ_dBI58sp1i0R3qZWPV6RSTs?authuser=0&hl=id&rclk=1,Bengkel Mobil Jenggot,,,Bengkel Mobil,·,"2JVQ+5HP, Jl. Industri Tim.",Tutup sementara,,https://maps.gstatic.com/consumer/images/icons/2x/ic_directions_gm_blue_24px.png,Rute,·,(0341) 489201
,,,,,,https://www.google.com/maps/place/Bengkel+Mobil+JM+Jaya/data=!4m7!3m6!1s0x2dd629cbec02ff1f:0x9818449672bcbda1!8m2!3d-7.9569336!4d112.6388231!16s%2Fg%2F11b6cjkbj7!19sChIJH_8C7Msp1i0Rob28cpZEGJg?authuser=0&hl=id&rclk=1,Bengkel Mobil JM Jaya,"4,6",-18,Bengkel Mobil,·,Jl. Industri Tim. No.14,Tutup,⋅ Buka Sen pukul 08.00,https://maps.gstatic.com/consumer/images/icons/2x/ic_directions_gm_blue_24px.png,Rute,·,0812-5255-7429
,,,,,,https://www.google.com/maps/place/Bengkel+Mobil+JM+MAKMUR/data=!4m7!3m6!1s0x2dd6297d254b1ce5:0x256414f075803a39!8m2!3d-7.9396323!4d112.6453292!16s%2Fg%2F11rgrs4gn9!19sChIJ5RxLJX0p1i0ROTqAdfAUZCU?authuser=0&hl=id&rclk=1,Bengkel Mobil JM MAKMUR,"4,9",-12,Bengkel Mobil,·,"Sucipto (Utara, Gg. Bakti No.65",Buka 24 jam,,https://maps.gstatic.com/consumer/images/icons/2x/ic_directions_gm_blue_24px.png,Rute,·,0853-3432-4858
,,,,,,https://www.google.com/maps/place/Bengkel+Mobil+Joyo+Mulyo/data=!4m7!3m6!1s0x2e78821237f94ca3:0xd790d80b2b3a4b06!8m2!3d-7.9387539!4d112.6056542!16s%2Fg%2F11b6zt8b79!19sChIJo0z5NxKCeC4RBks6KwvYkNc?authuser=0&hl=id&rclk=1,Bengkel Mobil Joyo Mulyo,"4,6",-15,Bengkel Mobil,·,Jl. Joyo Mulyo No.312,Segera tutup,⋅ 17.00 ⋅ Buka Sen pukul 07.00,https://maps.gstatic.com/consumer/images/icons/2x/ic_directions_gm_blue_24px.png,Rute,·,0852-3433-7090
,,,,,,https://www.google.com/maps/place/Bengkel+Mobil+Kharisma+Jaya/data=!4m7!3m6!1s0x2dd629bb857efdcd:0x3ad7a9f3c5e9c66b!8m2!3d-7.9455028!4d112.6519361!16s%2Fg%2F11b6dcxb9n!19sChIJzf1-hbsp1i0Ra8bpxfOp1zo?authuser=0&hl=id&rclk=1,Bengkel Mobil Kharisma Jaya,"4,6",-37,Bengkel Mobil,·,Jl. Laksda Adi Sucipto No.239,Tutup,⋅ Buka Sen pukul 08.00,https://maps.gstatic.com/consumer/images/icons/2x/ic_directions_gm_blue_24px.png,Rute,·,0813-3334-1935
,,,,,,https://www.google.com/maps/place/Bengkel+Mobil+Kholik/data=!4m7!3m6!1s0x2dd629c8fc43fccb:0x800e8f2fb2cd06c0!8m2!3d-7.9534063!4d112.6401394!16s%2Fg%2F11h2qy4w4w!19sChIJy_xD_Mgp1i0RwAbNsi-PDoA?authuser=0&hl=id&rclk=1,Bengkel Mobil Kholik,"5,0",-1,Bengkel Mobil,·,Jl. Karya Timur No.33,Tutup sementara,,https://maps.gstatic.com/consumer/images/icons/2x/ic_directions_gm_blue_24px.png,Rute,,
,,,,,,https://www.google.com/maps/place/Bengkel+Mobil+Nusa/data=!4m7!3m6!1s0x2dd629e6ebf869df:0x5917cba4f9473bf6!8m2!3d-7.937799!4d112.627681!16s%2Fg%2F11b6cqm885!19sChIJ32n46-Yp1i0R9jtH-aTLF1k?authuser=0&hl=id&rclk=1,Bengkel Mobil Nusa,"4,6",-26,Bengkel Mobil,·,Jl. Soekarno Hatta No.83,Buka 24 jam,·,https://www.gstatic.com/images/icons/material/system_gm/2x/public_gm_blue_24dp.png,Situs Web,0813-3463-6926,
,,,,,,https://www.google.com/maps/place/bengkel+mobil+pak+supar/data=!4m7!3m6!1s0x2dd62972fd42b909:0x8d00779101f6a0e6!8m2!3d-7.929119!4d112.647483!16s%2Fg%2F11ssc9w329!19sChIJCblC_XIp1i0R5qD2AZF3AI0?authuser=0&hl=id&rclk=1,bengkel mobil pak supar,,,Bengkel Mobil,·,Jl. Sembilang No.12,Tutup,⋅ Buka Sen pukul 08.00,https://maps.gstatic.com/consumer/images/icons/2x/ic_directions_gm_blue_24px.png,Rute,·,0823-3000-9119
,,,,,,https://www.google.com/maps/place/Bengkel+mobil+panggilan+24jam+malang+raya+%22family+garage%22/data=!4m7!3m6!1s0x2dd629a4d73ec94b:0xe296f0a420796175!8m2!3d-7.9319656!4d112.636237!16s%2Fg%2F11h09typ75!19sChIJS8k-16Qp1i0RdWF5IKTwluI?authuser=0&hl=id&rclk=1,"Bengkel mobil panggilan 24jam malang raya ""family garage""","4,8",-84,Bengkel Mobil,·,Jl. Simp.Piranha Atas No.1,Buka 24 jam,,https://maps.gstatic.com/consumer/images/icons/2x/ic_directions_gm_blue_24px.png,Rute,·,0857-3582-9306
,,,,,,https://www.google.com/maps/place/Bengkel+Mobil+Panggilan+Malang/data=!4m7!3m6!1s0x2e7883288cba7dbb:0x810179b2e0f38176!8m2!3d-7.9486386!4d112.6149544!16s%2Fg%2F11nx5c0l5k!19sChIJu326jCiDeC4RdoHz4LJ5AYE?authuser=0&hl=id&rclk=1,Bengkel Mobil Panggilan Malang,"4,9",-13,Bengkel Mobil,·,"Brawijaya 4, Jl. MT. Haryono No.77C",Tutup,⋅ Buka Sen pukul 08.00,https://maps.gstatic.com/consumer/images/icons/2x/ic_directions_gm_blue_24px.png,Rute,·,0852-4881-0150
,,,,,,https://www.google.com/maps/place/Bengkel+Mobil+Raja+Knalpota/data=!4m7!3m6!1s0x2dd629bbff021b07:0xbdac98bdd12b4f49!8m2!3d-7.9453097!4d112.6498735!16s%2Fg%2F1pzwcdgqt!19sChIJBxsC_7sp1i0RSU8r0b2YrL0?authuser=0&hl=id&rclk=1,Bengkel Mobil Raja Knalpota,"5,0",-2,Toko Suku Cadang Mobil,·,Jl. Adi Sucipto No.122,Tutup,⋅ Buka Sen pukul 08.00,https://maps.gstatic.com/consumer/images/icons/2x/ic_directions_gm_blue_24px.png,Rute,·,(0341) 742069
,,,,,,https://www.google.com/maps/place/Bengkel+mobil+RJM+%28Rizky+jaya+motor%29/data=!4m7!3m6!1s0x2dd629d243512ad1:0x1bf33bd5147aa803!8m2!3d-7.9559494!4d112.6472585!16s%2Fg%2F11j58md81w!19sChIJ0SpRQ9Ip1i0RA6h6FNU78xs?authuser=0&hl=id&rclk=1,Bengkel mobil RJM (Rizky jaya motor),"4,9",-12,Bengkel Mobil,·,Jl. Bauksit No.58,Buka 24 jam,·,https://www.gstatic.com/images/icons/material/system_gm/2x/public_gm_blue_24dp.png,Situs Web,0812-3566-6095,
,,,,,,https://www.google.com/maps/place/Bengkel+Mobil+Sahabat+Motor/data=!4m7!3m6!1s0x2dd629d911ffbd45:0x11dcb31a761a708e!8m2!3d-7.9485298!4d112.6239445!16s%2Fg%2F11b6g8mbh7!19sChIJRb3_Edkp1i0RjnAadhqz3BE?authuser=0&hl=id&rclk=1,Bengkel Mobil Sahabat Motor,"4,6",-72,Bengkel Mobil,·,Jl. Dewandaru No.16,Tutup,·,https://www.gstatic.com/images/icons/material/system_gm/2x/public_gm_blue_24dp.png,Situs Web,0813-3491-7744,⋅ Buka Sen pukul 08.00
,,,,,,https://www.google.com/maps/place/Bengkel+Mobil+Slamet+Riyadi/data=!4m7!3m6!1s0x2dd629de97a91bbb:0xb9126fa350e8bcc1!8m2!3d-7.945119!4d112.6248814!16s%2Fg%2F11g9r0h05g!19sChIJuxupl94p1i0RwbzoUKNvErk?authuser=0&hl=id&rclk=1,Bengkel Mobil Slamet Riyadi,,,Bengkel Mobil,·,Jl. Kendalsari III No.36,Segera tutup,⋅ 17.00 ⋅ Buka Sen pukul 08.00,https://maps.gstatic.com/consumer/images/icons/2x/ic_directions_gm_blue_24px.png,Rute,·,(0341) 486669
,,,,,,https://www.google.com/maps/place/BENGKEL+MOBIL+SOEHAT/data=!4m7!3m6!1s0x2dd629ff1a80316d:0xd03fd0581a3a1ef6!8m2!3d-7.9341413!4d112.6244977!16s%2Fg%2F11s_xrl7v1!19sChIJbTGAGv8p1i0R9h46GljQP9A?authuser=0&hl=id&rclk=1,BENGKEL MOBIL SOEHAT,"4,8",-31,Bengkel Mobil,·,Jl. Terusan Sudimoro II No.2,Tutup,⋅ Buka Sen pukul 08.00,https://maps.gstatic.com/consumer/images/icons/2x/ic_directions_gm_blue_24px.png,Rute,,
,,,,,,https://www.google.com/maps/place/BENGKEL+MOBIL+SUDIMORO+DIESEL/data=!4m7!3m6!1s0x2dd629e4872dc71d:0xccc25a784802140e!8m2!3d-7.9335987!4d112.626235!16s%2Fg%2F11b6wflqkd!19sChIJHccth-Qp1i0RDhQCSHhawsw?authuser=0&hl=id&rclk=1,BENGKEL MOBIL SUDIMORO DIESEL,"4,6",-43,Bengkel Mobil,·,Jl. Sudimoro Dalam,Tutup,⋅ Buka Sen pukul 08.00,https://maps.gstatic.com/consumer/images/icons/2x/ic_directions_gm_blue_24px.png,Rute,·,0851-0115-4361
,,,,,,https://www.google.com/maps/place/Bengkel+mobil+Sugianto+Makmur+Motor/data=!4m7!3m6!1s0x2dd629cc5e597b35:0x574004d1d1425414!8m2!3d-7.9584549!4d112.6360886!16s%2Fg%2F11fy_fr97_!19sChIJNXtZXswp1i0RFFRC0dEEQFc?authuser=0&hl=id&rclk=1,Bengkel mobil Sugianto Makmur Motor,"4,5",-8,Bengkel Mobil,·,Jl. Letjend Soetoyo IV No.24,Tutup,⋅ Buka Sen pukul 08.00,https://maps.gstatic.com/consumer/images/icons/2x/ic_directions_gm_blue_24px.png,Rute,·,(0341) 495476
,,,,,,https://www.google.com/maps/place/Bengkel+mobil+Takrip+motor/data=!4m7!3m6!1s0x2dd629cc2d1eeb5b:0xbf3da178b031b571!8m2!3d-7.9565964!4d112.6348877!16s%2Fg%2F11c2khxyz5!19sChIJW-seLcwp1i0RcbUxsHihPb8?authuser=0&hl=id&rclk=1,Bengkel mobil Takrip motor,"4,8",-40,Bengkel Mobil,·,Jl. Letjen Sutoyo V No.56,Tutup,⋅ Buka Sen pukul 08.15,https://maps.gstatic.com/consumer/images/icons/2x/ic_directions_gm_blue_24px.png,Rute,·,(0341) 472346
,,,,,,https://www.google.com/maps/place/BENGKEL+MOBIL+ZAENAL/data=!4m7!3m6!1s0x2dd629c25b15850f:0x392b0b5be15e512!8m2!3d-7.9425771!4d112.6353918!16s%2Fg%2F11b6vh2hs6!19sChIJD4UVW8Ip1i0REuUVvrWwkgM?authuser=0&hl=id&rclk=1,BENGKEL MOBIL ZAENAL,"5,0",-5,Bengkel Mobil,·,"Jalan Candi Badut No.2 Rt.02 Rw.02, Mojolangu, Kecamatan Lowokwaru",Tutup,⋅ Buka Sen pukul 08.00,https://maps.gstatic.com/consumer/images/icons/2x/ic_directions_gm_blue_24px.png,Rute,·,(0341) 472307
,,,,,,https://www.google.com/maps/place/Bengkel+Monika+Motor/data=!4m7!3m6!1s0x2dd629c8da6a9c7b:0xc03b181b7b6e1535!8m2!3d-7.9530542!4d112.6386046!16s%2Fg%2F1hm2w307r!19sChIJe5xq2sgp1i0RNRVuexsYO8A?authuser=0&hl=id&rclk=1,Bengkel Monika Motor,"4,4",-9,Bengkel Mobil,·,"2JWQ+QCH, Jl. Kembang Sepatu",Tutup sementara,,https://maps.gstatic.com/consumer/images/icons/2x/ic_directions_gm_blue_24px.png,Rute,,
,,,,,,https://www.google.com/maps/place/Bengkel+Motor/data=!4m7!3m6!1s0x2e7882725d4cd4ef:0xc8b1876fefb905a7!8m2!3d-7.945275!4d112.619066!16s%2Fg%2F1hm3f43_7!19sChIJ79RMXXKCeC4RpwW572-Hscg?authuser=0&hl=id&rclk=1,Bengkel Motor,"4,2",-17,Bengkel Mobil,·,"3J39+VJW, Jl. Soekarno Hatta Indah",,,https://maps.gstatic.com/consumer/images/icons/2x/ic_directions_gm_blue_24px.png,Rute,,
,,,,,,https://www.google.com/maps/place/Bengkel+Motor/data=!4m7!3m6!1s0x2e78826cced3d10b:0xcb4ebb6a83c4b7c0!8m2!3d-7.9431376!4d112.6038699!16s%2Fg%2F11gb3mz8gf!19sChIJC9HTzmyCeC4RwLfEg2q7Tss?authuser=0&hl=id&rclk=1,Bengkel Motor,"3,7",-34,Bengkel Bongkar Pasang Mesin,·,"3J43+PGX, Jl. Mertojoyo",Tutup,⋅ Buka Sen pukul 07.30,https://maps.gstatic.com/consumer/images/icons/2x/ic_directions_gm_blue_24px.png,Rute,·,(0341) 6279796
,,,,,,https://www.google.com/maps/place/Bengkel+motor/data=!4m7!3m6!1s0x2e78832c49c157f3:0xe4305995a258379!8m2!3d-7.9342615!4d112.6150717!16s%2Fg%2F11srgbp02v!19sChIJ81fBSSyDeC4ReYMlWpkFQw4?authuser=0&hl=id&rclk=1,Bengkel motor,,,Bengkel Sepeda Motor,·,Jl. Candi Panggung Bar. No.5-6,,,https://maps.gstatic.com/consumer/images/icons/2x/ic_directions_gm_blue_24px.png,Rute,,
,,,,,,https://www.google.com/maps/place/Bengkel+motor+-TO+YOU-/data=!4m7!3m6!1s0x2dd6290c65e99f45:0x29e24ff4e3046137!8m2!3d-7.9566791!4d112.624592!16s%2Fg%2F11trmv7hgm!19sChIJRZ_pZQwp1i0RN2EE4_RP4ik?authuser=0&hl=id&rclk=1,Bengkel motor -TO YOU-,"5,0",-1,Bengkel Sepeda Motor,·,"2JVF+8RG, Jl. Anyer",Buka 24 jam,,https://maps.gstatic.com/consumer/images/icons/2x/ic_directions_gm_blue_24px.png,Rute,,
,,,,,,https://www.google.com/maps/place/Bengkel+Motor+Fams/data=!4m7!3m6!1s0x2dd629ede6889717:0x9e26529e549ee6db!8m2!3d-7.9568579!4d112.625356!16s%2Fg%2F11sh4s46j9!19sChIJF5eI5u0p1i0R2-aeVJ5SJp4?authuser=0&hl=id&rclk=1,Bengkel Motor Fams,"5,0",-2,Bengkel Sepeda Motor,·,"Jl. Gilimanuk.72, Jl. Gilimanuk No.72b",Segera tutup,⋅ 17.00 ⋅ Buka Sen pukul 07.00,https://maps.gstatic.com/consumer/images/icons/2x/ic_directions_gm_blue_24px.png,Rute,·,0896-8177-3030
,,,,,,https://www.google.com/maps/place/Bengkel+Motor+Jiyone/data=!4m7!3m6!1s0x2e7882121599627b:0xf82d1cea1a5cf58e!8m2!3d-7.938534!4d112.606526!16s%2Fg%2F1hm1wcqvy!19sChIJe2KZFRKCeC4RjvVcGuocLfg?authuser=0&hl=id&rclk=1,Bengkel Motor Jiyone,"5,0",-1,Bengkel Mobil,·,"3J64+HJJ, Jl. Mertojoyo Selatan",,,https://maps.gstatic.com/consumer/images/icons/2x/ic_directions_gm_blue_24px.png,Rute,,
,,,,,,https://www.google.com/maps/place/Bengkel+Motor+Mandiri/data=!4m7!3m6!1s0x2dd629c8f51ecc77:0xcda9933c2af2d133!8m2!3d-7.9529779!4d112.6405424!16s%2Fg%2F11g9dk5y5z!19sChIJd8we9cgp1i0RM9HyKjyTqc0?authuser=0&hl=id&rclk=1,Bengkel Motor Mandiri,"4,6",-5,Bengkel Sepeda Motor,·,Jl. Karya Timur No.3,Tutup,⋅ Buka Sen pukul 08.00,https://maps.gstatic.com/consumer/images/icons/2x/ic_directions_gm_blue_24px.png,Rute,·,0813-5700-3358
,,,,,,https://www.google.com/maps/place/Bengkel+Motor+Pak+Dhe/data=!4m7!3m6!1s0x2e78820c2f4ffc5d:0x9b3b6b9cae59db78!8m2!3d-7.9375352!4d112.6117749!16s%2Fg%2F11b7693k1x!19sChIJXfxPLwyCeC4ReNtZrpxrO5s?authuser=0&hl=id&rclk=1,Bengkel Motor Pak Dhe,"4,0",-16,Bengkel Sepeda Motor,·,"3J66+XPJ, Jl. Bunga Vinolia",Tutup,⋅ Buka Sen pukul 08.00,https://maps.gstatic.com/consumer/images/icons/2x/ic_directions_gm_blue_24px.png,Rute,·,0822-6466-6602
,,,,,,https://www.google.com/maps/place/Bengkel+Motor+SINAR+SAKTI/data=!4m7!3m6!1s0x2dd629f2fb0e592b:0x3359505ecf2fa390!8m2!3d-7.9647047!4d112.6318827!16s%2Fg%2F11pthgf314!19sChIJK1kO-_Ip1i0RkKMvz15QWTM?authuser=0&hl=id&rclk=1,Bengkel Motor SINAR SAKTI,"5,0",-2,Bengkel Sepeda Motor,·,Jl. J.A. Suprapto II No.47,Tutup,⋅ Buka Sen pukul 10.00,https://maps.gstatic.com/consumer/images/icons/2x/ic_directions_gm_blue_24px.png,Rute,,
,,,,,,https://www.google.com/maps/place/Bengkel+Motor+Sumber+Makmur/data=!4m7!3m6!1s0x2dd629e1e90244db:0x9ccc79791bc27b8c!8m2!3d-7.9377028!4d112.6208683!16s%2Fg%2F11btn14jms!19sChIJ20QC6eEp1i0RjHvCG3l5zJw?authuser=0&hl=id&rclk=1,Bengkel Motor Sumber Makmur,"4,7",-3,Bengkel Sepeda Motor,·,"3J6C+W89, Jl. Candi Panggung",Tutup,⋅ Buka Sen pukul 07.00,https://maps.gstatic.com/consumer/images/icons/2x/ic_directions_gm_blue_24px.png,Rute,,
,,,,,,https://www.google.com/maps/place/Bengkel+Motor+Tulus/data=!4m7!3m6!1s0x2dd62831f7a2d477:0xa9cbb4f1f7673f1c!8m2!3d-7.9666204!4d112.6326321!16s%2Fg%2F11g9r9jf98!19sChIJd9Si9zEo1i0RHD9n9_G0y6k?authuser=0&hl=id&rclk=1,Bengkel Motor Tulus,"4,0",-1,Bengkel Bongkar Pasang Mesin,·,"jl. joyosari, RW.6",,,https://maps.gstatic.com/consumer/images/icons/2x/ic_directions_gm_blue_24px.png,Rute,,
,,,,,,https://www.google.com/maps/place/Bengkel+Motor%28GIBRAN+MOTOR%29/data=!4m7!3m6!1s0x2dd6298bfedbf329:0xf575294aef04a204!8m2!3d-7.9336598!4d112.6372268!16s%2Fg%2F11fp4cr2qw!19sChIJKfPb_osp1i0RBKIE70opdfU?authuser=0&hl=id&rclk=1,Bengkel Motor(GIBRAN MOTOR),"5,0",-15,Bengkel Sepeda Motor,·,0857-3186-1185,Buka,,https://www.gstatic.com/images/icons/material/system_gm/2x/public_gm_blue_24dp.png,Situs Web,,⋅ Tutup pukul 18.00
,,,,,,https://www.google.com/maps/place/bengkel+mupet/data=!4m7!3m6!1s0x2dd6290f925a44ad:0x1eee641e0baa2813!8m2!3d-7.9534136!4d112.6441449!16s%2Fg%2F11s93yb7cn!19sChIJrURakg8p1i0REyiqCx5k7h4?authuser=0&hl=id&rclk=1,bengkel mupet,,,Bengkel Sepeda Motor,·,Jl. Ciliwung Gg. IIA No.14C,Tutup,⋅ Buka Sen pukul 09.00,https://maps.gstatic.com/consumer/images/icons/2x/ic_directions_gm_blue_24px.png,Rute,·,0857-7597-0620
,,,,,,https://www.google.com/maps/place/Bengkel+Nasional+Motor/data=!4m7!3m6!1s0x2dd629bbc2fc431d:0x3aa145040fc05f29!8m2!3d-7.9435878!4d112.6432977!16s%2Fg%2F1pzrj10pv!19sChIJHUP8wrsp1i0RKV_ADwRFoTo?authuser=0&hl=id&rclk=1,Bengkel Nasional Motor,"4,6",-16,Bengkel Mobil,·,"JL. Tenaga, 5 A, Blimbing",,,https://maps.gstatic.com/consumer/images/icons/2x/ic_directions_gm_blue_24px.png,Rute,(0341) 2996077,
,,,,,,https://www.google.com/maps/place/Bengkel+Ngt/data=!4m7!3m6!1s0x2dd629cb91c201e1:0xfe04d6a4e1c9a83b!8m2!3d-7.9576544!4d112.6385681!16s%2Fg%2F11b6ctqv5z!19sChIJ4QHCkcsp1i0RO6jJ4aTWBP4?authuser=0&hl=id&rclk=1,Bengkel Ngt,,,Bengkel Mobil,·,"2JRQ+WCP, Jl. Industri Tim.",Tutup sementara,,https://maps.gstatic.com/consumer/images/icons/2x/ic_directions_gm_blue_24px.png,Rute,,
,,,,,,https://www.google.com/maps/place/Bengkel+Nissan/data=!4m7!3m6!1s0x2dd629231b66e97f:0x8abba4035f37d295!8m2!3d-7.9461925!4d112.6406426!16s%2Fg%2F11f5q8h03x!19sChIJf-lmGyMp1i0RldI3XwOku4o?authuser=0&hl=id&rclk=1,Bengkel Nissan,"4,5",-15,Bengkel Mobil,·,Jl. Letjend S. Parman No.104c,,0821-3987-7732,https://www.gstatic.com/images/icons/material/system_gm/2x/public_gm_blue_24dp.png,Situs Web,,
,,,,,,https://www.google.com/maps/place/Bengkel+Nissan+Datsun/data=!4m7!3m6!1s0x2dd62949209d1d9d:0xc81019d8d3c5e638!8m2!3d-7.9487278!4d112.6393163!16s%2Fg%2F11k3xytvx2!19sChIJnR2dIEkp1i0ROObF09gZEMg?authuser=0&hl=id&rclk=1,Bengkel Nissan Datsun,,,Bengkel Mobil,·,Jl. Letjend S. Parman No.95,Tutup,⋅ Buka Sen pukul 08.30,https://maps.gstatic.com/consumer/images/icons/2x/ic_directions_gm_blue_24px.png,Rute,·,0896-7044-6960
,,,,,,https://www.google.com/maps/place/Bengkel+Nusantara+Sakti/data=!4m7!3m6!1s0x2dd629e08c40182f:0xf65223cfbe287f90!8m2!3d-7.9398335!4d112.6234368!16s%2Fg%2F11b6c9bwy7!19sChIJLxhAjOAp1i0RkH8ovs8jUvY?authuser=0&hl=id&rclk=1,Bengkel Nusantara Sakti,"3,5",-16,Bengkel Sepeda Motor,·,Jl. Soekarno - Hatta No.D150,Tutup,·,https://www.gstatic.com/images/icons/material/system_gm/2x/public_gm_blue_24dp.png,Situs Web,(0341) 403099,⋅ Buka Sen pukul 08.00
,,,,,,https://www.google.com/maps/place/Bengkel+Om+Gendut/data=!4m7!3m6!1s0x2dd629fa62dc8c4f:0x7dcf268c91ac1e87!8m2!3d-7.9282769!4d112.6309688!16s%2Fg%2F11f54nkm1t!19sChIJT4zcYvop1i0Rhx6skYwmz30?authuser=0&hl=id&rclk=1,Bengkel Om Gendut,"4,2",-5,Bengkel Bongkar Pasang Mesin,·,"3JCJ+M9Q, Jl. Ikan Kakap",Buka 24 jam,,https://maps.gstatic.com/consumer/images/icons/2x/ic_directions_gm_blue_24px.png,Rute,·,0877-0147-0985
,,,,,,https://www.google.com/maps/place/Bengkel+Otomotif+RDM+Sport+4x4/data=!4m7!3m6!1s0x2dd6282d5406ecd7:0xd1aef7207d211785!8m2!3d-7.9617747!4d112.6314266!16s%2Fg%2F11ggt4yjbk!19sChIJ1-wGVC0o1i0RhRchfSD3rtE?authuser=0&hl=id&rclk=1,Bengkel Otomotif RDM Sport 4x4,"4,3",-6,Bengkel Mobil,·,Jl. Ngantang No.29-31,Tutup,⋅ Buka Sen pukul 09.00,https://maps.gstatic.com/consumer/images/icons/2x/ic_directions_gm_blue_24px.png,Rute,·,0812-3229-8702
,,,,,,https://www.google.com/maps/place/Bengkel+Pak+Jumakir/data=!4m7!3m6!1s0x2dd629c647a0fee9:0xaa0d2e0a05a4d782!8m2!3d-7.9341891!4d112.6253513!16s%2Fg%2F11n695c9z9!19sChIJ6f6gR8Yp1i0RgtekBQouDao?authuser=0&hl=id&rclk=1,Bengkel Pak Jumakir,"3,3",-3,Bengkel Sepeda Motor,·,Jl. Terusan Sudimoro No.21,Tutup,⋅ Buka Sen pukul 09.00,https://maps.gstatic.com/consumer/images/icons/2x/ic_directions_gm_blue_24px.png,Rute,·,0858-5525-1801
,,,,,,https://www.google.com/maps/place/Bengkel+Pak+Man/data=!4m7!3m6!1s0x2dd629cb933092cd:0x75df122811a67a21!8m2!3d-7.957277!4d112.638736!16s%2Fg%2F11b6chrsvk!19sChIJzZIwk8sp1i0RIXqmESgS33U?authuser=0&hl=id&rclk=1,Bengkel Pak Man,,,Bengkel Sepeda Motor,·,"2JVQ+3FQ, Jl. Industri Tim.",Tutup sementara,,https://maps.gstatic.com/consumer/images/icons/2x/ic_directions_gm_blue_24px.png,Rute,,
,,,,,,https://www.google.com/maps/place/Bengkel+panggilan/data=!4m7!3m6!1s0x2dd629b44bf25927:0xb465983a76a5fa0!8m2!3d-7.9403427!4d112.6242292!16s%2Fg%2F11frpn3qng!19sChIJJ1nyS7Qp1i0RoF9qp4NZRgs?authuser=0&hl=id&rclk=1,Bengkel panggilan,"4,8",-15,Bengkel Sepeda Motor,·,"3J5F+VM9, Jl. Soekarno Hatta",Buka 24 jam,,https://maps.gstatic.com/consumer/images/icons/2x/ic_directions_gm_blue_24px.png,Rute,,
,,,,,,https://www.google.com/maps/place/Bengkel+Panggung+Motor/data=!4m7!3m6!1s0x2dd629231bec3513:0xc9c507e512fc5b6f!8m2!3d-7.9384256!4d112.6232165!16s%2Fg%2F11q4678ht9!19sChIJEzXsGyMp1i0Rb1v8EuUHxck?authuser=0&hl=id&rclk=1,Bengkel Panggung Motor,,,Bengkel Sepeda Motor,·,Jl. Candi Panggung No.4C,Tutup,⋅ Buka Sen pukul 10.00,https://maps.gstatic.com/consumer/images/icons/2x/ic_directions_gm_blue_24px.png,Rute,·,0897-7806-020
,,,,,,https://www.google.com/maps/place/Bengkel+Per+Cak+Peyek/data=!4m7!3m6!1s0x2dd629dd7a4ea24f:0xb4a6e3789bd33112!8m2!3d-7.9417284!4d112.6292865!16s%2Fg%2F11c67w45j_!19sChIJT6JOet0p1i0REjHTm3jjprQ?authuser=0&hl=id&rclk=1,Bengkel Per Cak Peyek,"4,7",-51,Bengkel Mobil,·,Jl. Raya Bukirsari No.30,Segera tutup,⋅ 17.00 ⋅ Buka Sen pukul 08.00,https://maps.gstatic.com/consumer/images/icons/2x/ic_directions_gm_blue_24px.png,Rute,·,0812-1685-9007
,,,,,,https://www.google.com/maps/place/Bengkel+Per+Sugeng+Peyex/data=!4m7!3m6!1s0x2dd629dd7737e52b:0x3a530960e3d44779!8m2!3d-7.941966!4d112.629133!16s%2Fg%2F11b6gm3lb4!19sChIJK-U3d90p1i0ReUfU42AJUzo?authuser=0&hl=id&rclk=1,Bengkel Per Sugeng Peyex,"4,4",-32,Bengkel Mobil,·,Jl. Soekarno Hatta No.80,Tutup,⋅ Buka Sen pukul 08.00,https://maps.gstatic.com/consumer/images/icons/2x/ic_directions_gm_blue_24px.png,Rute,·,0812-1685-9007
,,,,,,https://www.google.com/maps/place/Bengkel+Pisang+Kipas/data=!4m7!3m6!1s0x2e78833e4ce85a3f:0xfd4a653da908f5fe!8m2!3d-7.9433906!4d112.617703!16s%2Fg%2F11g0ldldhx!19sChIJP1roTD6DeC4R_vUIqT1lSv0?authuser=0&hl=id&rclk=1,Bengkel Pisang Kipas,"5,0",-1,Bengkel Mobil,·,Jl. Pisang Kipas No.59,Tutup,⋅ Buka Sen pukul 08.00,https://maps.gstatic.com/consumer/images/icons/2x/ic_directions_gm_blue_24px.png,Rute,·,0822-7735-9999
,,,,,,https://www.google.com/maps/place/Bengkel+Radiator+Sulfat/data=!4m7!3m6!1s0x2dd629b598f74853:0x5fcf67f13bc45490!8m2!3d-7.957735!4d112.6449201!16s%2Fg%2F11b6bsnb08!19sChIJU0j3mLUp1i0RkFTEO_Fnz18?authuser=0&hl=id&rclk=1,Bengkel Radiator Sulfat,"4,2",-16,Toko Radiator,·,Jl. Sulfat No.005,Tutup,⋅ Buka Sen pukul 08.00,https://maps.gstatic.com/consumer/images/icons/2x/ic_directions_gm_blue_24px.png,Rute,·,0821-3923-0399
,,,,,,https://www.google.com/maps/place/Bengkel+Rajawali+Motor/data=!4m7!3m6!1s0x2e78839d7b66d459:0xb015661d5b00a537!8m2!3d-7.9445096!4d112.6038256!16s%2Fg%2F11fgjgczr2!19sChIJWdRme52DeC4RN6UAWx1mFbA?authuser=0&hl=id&rclk=1,Bengkel Rajawali Motor,"4,8",-237,Bengkel Sepeda Motor,·,Jl. Mertojoyo Sel. No.4,Tutup,·,https://www.gstatic.com/images/icons/material/system_gm/2x/public_gm_blue_24dp.png,Situs Web,0856-4552-3234,⋅ Buka Sen pukul 08.00
,,,,,,https://www.google.com/maps/place/Bengkel+Remaja/data=!4m7!3m6!1s0x2dd629cea3ab5315:0x956eb58b45da6b37!8m2!3d-7.9556378!4d112.636429!16s%2Fg%2F11b6tssy84!19sChIJFVOro84p1i0RN2vaRYu1bpU?authuser=0&hl=id&rclk=1,Bengkel Remaja,"4,4",-8,Bengkel Mobil,·,Jl. Selorejo No.30,,,https://maps.gstatic.com/consumer/images/icons/2x/ic_directions_gm_blue_24px.png,Rute,(0341) 491696,
,,,,,,https://www.google.com/maps/place/BENGKEL+RIVER+SIDE+MOTOR/data=!4m7!3m6!1s0x2dd62998954a3dcf:0x178da312e8eece69!8m2!3d-7.9640179!4d112.6279588!16s%2Fg%2F11q7_2hyn1!19sChIJzz1KlZgp1i0Rac7u6BKjjRc?authuser=0&hl=id&rclk=1,BENGKEL RIVER SIDE MOTOR,"4,5",-11,Bengkel Sepeda Motor,·,Jl. Brigjend Slamet Riadi No.144b,Buka,⋅ Tutup pukul 18.00,https://maps.gstatic.com/consumer/images/icons/2x/ic_directions_gm_blue_24px.png,Rute,·,0859-3928-8844
,,,,,,https://www.google.com/maps/place/Bengkel+Rombeng+Balap/data=!4m7!3m6!1s0x2dd629b648ebe49f:0xe9921fb887fae02e!8m2!3d-7.9536017!4d112.6454392!16s%2Fg%2F11g022ckc8!19sChIJn-TrSLYp1i0RLuD6h7gfkuk?authuser=0&hl=id&rclk=1,Bengkel Rombeng Balap,"5,0",-2,Bengkel Sepeda Motor,·,"2JWW+H54, Jl. Sunandar Priyo Sudarmo",Segera tutup,⋅ 17.00 ⋅ Buka Sen pukul 09.00,https://maps.gstatic.com/consumer/images/icons/2x/ic_directions_gm_blue_24px.png,Rute,,
,,,,,,https://www.google.com/maps/place/Bengkel+Sabar+Jaya/data=!4m7!3m6!1s0x2e78836d49bcf08d:0xd09e0f0b13dd812b!8m2!3d-7.931087!4d112.6138123!16s%2Fg%2F11l8qwxlgt!19sChIJjfC8SW2DeC4RK4HdEwsPntA?authuser=0&hl=id&rclk=1,Bengkel Sabar Jaya,"3,5",-2,Bengkel Sepeda Motor,·,Jl. Akordion No.115,Tutup,⋅ Buka Sen pukul 08.00,https://maps.gstatic.com/consumer/images/icons/2x/ic_directions_gm_blue_24px.png,Rute,,
,,,,,,"https://www.google.com/maps/place/Bengkel+Sanjaya+Center+,peleg,+center+body,+cakram,+as+skok,+stir.+Motor/data=!4m7!3m6!1s0x2e78827a8d8afddd:0xb47eb7a3b21366b3!8m2!3d-7.953552!4d112.610192!16s%2Fg%2F11b6cq5nq5!19sChIJ3f2KjXqCeC4Rs2YTsqO3frQ?authuser=0&hl=id&rclk=1","Bengkel Sanjaya Center ,peleg, center body, cakram, as skok, stir. Motor","4,9",-11,Bengkel Sepeda Motor,·,Jl. Raya Sumbersari No.48,Tutup,⋅ Buka Sen pukul 09.00,https://maps.gstatic.com/consumer/images/icons/2x/ic_directions_gm_blue_24px.png,Rute,·,0899-0364-771
,,,,,,https://www.google.com/maps/place/Bengkel+Sepeda+Motor+Gayeng+Marem/data=!4m7!3m6!1s0x2e788208da5c65af:0xc1cb13269d3c3a42!8m2!3d-7.9339708!4d112.6147487!16s%2Fg%2F11b75gpvp5!19sChIJr2Vc2giCeC4RQjo8nSYTy8E?authuser=0&hl=id&rclk=1,Bengkel Sepeda Motor Gayeng Marem,"4,2",-22,Bengkel Sepeda Motor,·,Jl. Candi Panggung Bar. No.1,Tutup,⋅ Buka Sen pukul 08.00,https://maps.gstatic.com/consumer/images/icons/2x/ic_directions_gm_blue_24px.png,Rute,·,0856-5527-9476
,,,,,,https://www.google.com/maps/place/Bengkel+Sepeda+Motor+Kan/data=!4m7!3m6!1s0x2dd629e62a280257:0x6d4fc32439a82962!8m2!3d-7.938243!4d112.631642!16s%2Fg%2F11b6ln3khx!19sChIJVwIoKuYp1i0RYimoOSTDT20?authuser=0&hl=id&rclk=1,Bengkel Sepeda Motor Kan,,,Bengkel Sepeda Motor,·,"3J6J+PM2, Jl. Sudimoro",Segera tutup,⋅ 17.00 ⋅ Buka Sen pukul 08.00,https://maps.gstatic.com/consumer/images/icons/2x/ic_directions_gm_blue_24px.png,Rute,,
,,,,,,https://www.google.com/maps/place/Bengkel+Sepeda+Motor+Santok/data=!4m7!3m6!1s0x2dd629c74fc5ea8b:0x736ce8d40ab9f96f!8m2!3d-7.9460539!4d112.6428836!16s%2Fg%2F11b6c93xnd!19sChIJi-rFT8cp1i0Rb_m5CtTobHM?authuser=0&hl=id&rclk=1,Bengkel Sepeda Motor Santok,"4,5",-4,Bengkel Motor Elektrik,·,Jl. Karya Timur No.42,Tutup,⋅ Buka Sen pukul 08.00,https://maps.gstatic.com/consumer/images/icons/2x/ic_directions_gm_blue_24px.png,Rute,·,0812-3313-1617
,,,,,,https://www.google.com/maps/place/Bengkel+Serbaguna+%22Senai%22/data=!4m7!3m6!1s0x2dd629c96be134d3:0x11e28497a3b7386c!8m2!3d-7.9548413!4d112.6395948!16s%2Fg%2F11b6cnyz6v!19sChIJ0zTha8kp1i0RbDi3o5eE4hE?authuser=0&hl=id&rclk=1,"Bengkel Serbaguna ""Senai""","4,6",-30,Bengkel Mobil,·,"2JWQ+3R9, Jl. Karya Timur",Tutup,⋅ Buka Sen pukul 09.00,https://maps.gstatic.com/consumer/images/icons/2x/ic_directions_gm_blue_24px.png,Rute,·,0812-1605-2650
,,,,,,https://www.google.com/maps/place/Bengkel+Servis+Honda+Nonstop/data=!4m7!3m6!1s0x2e78834278a2ec65:0x8d143fc31e31060!8m2!3d-7.9459993!4d112.6084887!16s%2Fg%2F11srhbyr07!19sChIJZeyieEKDeC4RYBDjMfxD0Qg?authuser=0&hl=id&rclk=1,Bengkel Servis Honda Nonstop,"5,0",-2,Bengkel Sepeda Motor,·,Jl. Simpang Gajayana Jl. Gajayana Gg. 6 No.574,Buka,⋅ Tutup pukul 00.00,https://www.gstatic.com/images/icons/material/system_gm/2x/public_gm_blue_24dp.png,Situs Web,·,0819-9859-9506
,,,,,,https://www.google.com/maps/place/Bengkel+Sing+Kayak+Umah/data=!4m7!3m6!1s0x2dd62996a818bca7:0x620dd9dc6343b4b8!8m2!3d-7.9462014!4d112.638943!16s%2Fg%2F11rjt_d8dn!19sChIJp7wYqJYp1i0RuLRDY9zZDWI?authuser=0&hl=id&rclk=1,Bengkel Sing Kayak Umah,"5,0",-2,Bengkel Sepeda Motor,·,Jl. Letjen S. Parman III No.12 E,Tutup,⋅ Buka Sen pukul 10.00,https://maps.gstatic.com/consumer/images/icons/2x/ic_directions_gm_blue_24px.png,Rute,·,0821-3252-1654
,,,,,,https://www.google.com/maps/place/Bengkel+Siswoyo+Malang/data=!4m7!3m6!1s0x2dd629ca99b717ed:0xb02ea24f289aaa5e!8m2!3d-7.9592841!4d112.6432921!16s%2Fg%2F1hm4d__qr!19sChIJ7Re3mcop1i0RXqqaKE-iLrA?authuser=0&hl=id&rclk=1,Bengkel Siswoyo Malang,"4,8",-32,Bengkel Mesin,·,Jl. Tumenggung Suryo No.102,Tutup,·,https://www.gstatic.com/images/icons/material/system_gm/2x/public_gm_blue_24dp.png,Situs Web,(0341) 470125,⋅ Buka Sen pukul 08.00
,,,,,,https://www.google.com/maps/place/Bengkel+Sitondi/data=!4m7!3m6!1s0x2dd629c8bc9d2d19:0x3e038091154578cb!8m2!3d-7.9458222!4d112.6407881!16s%2Fg%2F1pzs72pf0!19sChIJGS2dvMgp1i0Ry3hFFZGAAz4?authuser=0&hl=id&rclk=1,Bengkel Sitondi,"4,6",-204,Bengkel AC,·,Jl. Letjend S. Parman No.108,Tutup,·,https://www.gstatic.com/images/icons/material/system_gm/2x/public_gm_blue_24dp.png,Situs Web,0823-1343-0008,⋅ Buka Sen pukul 08.00
,,,,,,https://www.google.com/maps/place/Bengkel+Spd+Motor/data=!4m7!3m6!1s0x2e78833346a26d7d:0x7d9425b9fb70e8d8!8m2!3d-7.9221466!4d112.6189526!16s%2Fg%2F11fm3xmk76!19sChIJfW2iRjODeC4R2Ohw-7kllH0?authuser=0&hl=id&rclk=1,Bengkel Spd Motor,,,Bengkel Sepeda Motor,·,"3JH9+4HW, Jl. Loncat Indah",Segera tutup,⋅ 17.00 ⋅ Buka Sen pukul 07.00,https://maps.gstatic.com/consumer/images/icons/2x/ic_directions_gm_blue_24px.png,Rute,·,0812-5225-5556
,,,,,,https://www.google.com/maps/place/Bengkel+Sugeng/data=!4m7!3m6!1s0x2e78827562720927:0xd244edb953df83c!8m2!3d-7.9434881!4d112.619807!16s%2Fg%2F1pzw57zkg!19sChIJJwlyYnWCeC4RPPg9ldtOJA0?authuser=0&hl=id&rclk=1,Bengkel Sugeng,,,Bengkel Sepeda Motor,·,"3J49+JW3, Jl. Soekarno Hatta",,,https://maps.gstatic.com/consumer/images/icons/2x/ic_directions_gm_blue_24px.png,Rute,(0341) 7691660,
,,,,,,https://www.google.com/maps/place/Bengkel+Suhat+Motor/data=!4m7!3m6!1s0x2e78827595f3eb47:0x70a03a808aea8932!8m2!3d-7.945424!4d112.618403!16s%2Fg%2F11g6nhyx2g!19sChIJR-vzlXWCeC4RMonqioA6oHA?authuser=0&hl=id&rclk=1,Bengkel Suhat Motor,"4,6",-496,Bengkel Ganti Oli,·,Jl. Soekarno Hatta No.11,Tutup,·,https://www.gstatic.com/images/icons/material/system_gm/2x/public_gm_blue_24dp.png,Situs Web,0822-1343-8110,⋅ Buka Sen pukul 08.00
,,,,,,https://www.google.com/maps/place/Bengkel+Sukses+Motor/data=!4m7!3m6!1s0x2dd62a00767700e7:0xd6efecc03bda273!8m2!3d-7.9198501!4d112.619992!16s%2Fg%2F11b6yphrnv!19sChIJ5wB3dgAq1i0Rc6K9A8z-bg0?authuser=0&hl=id&rclk=1,Bengkel Sukses Motor,"4,8",-4,Bengkel Sepeda Motor,·,"3JJ9+3X5, Jl. Atletik",Tutup,⋅ Buka Sen pukul 08.00,https://maps.gstatic.com/consumer/images/icons/2x/ic_directions_gm_blue_24px.png,Rute,·,(0341) 7849853
,,,,,,https://www.google.com/maps/place/Bengkel+Sultan+Motor+-+Bengkel+TVS+Motor/data=!4m7!3m6!1s0x2dd629c1d172fda5:0x4a5781bd9c6fe550!8m2!3d-7.9410316!4d112.640189!16s%2Fg%2F1hf0b7d4d!19sChIJpf1y0cEp1i0RUOVvnL2BV0o?authuser=0&hl=id&rclk=1,Bengkel Sultan Motor - Bengkel TVS Motor,"5,0",-5,Bengkel Mobil,·,"Jl. Borobudur No.8, RW.45",Segera tutup,·,https://www.gstatic.com/images/icons/material/system_gm/2x/public_gm_blue_24dp.png,Situs Web,0812-3386-655,⋅ 17.00 ⋅ Buka Sen pukul 08.00
,,,,,,https://www.google.com/maps/place/Bengkel+Sumber+Jaya/data=!4m7!3m6!1s0x2dd629ca7e8d0f97:0xa285053d81a01efd!8m2!3d-7.9580556!4d112.643414!16s%2Fg%2F11fxxv7n68!19sChIJlw-Nfsop1i0R_R6ggT0FhaI?authuser=0&hl=id&rclk=1,Bengkel Sumber Jaya,"2,0",-1,Bengkel Sepeda Motor,·,Jl. Tumenggung Suryo No.143F,Tutup,·,https://www.gstatic.com/images/icons/material/system_gm/2x/public_gm_blue_24dp.png,Situs Web,(0341) 479676,⋅ Buka Sen pukul 08.00
,,,,,,https://www.google.com/maps/place/Bengkel+Sumpil+2/data=!4m7!3m6!1s0x2dd62992caf86b31:0x28d5c3b8f1e31490!8m2!3d-7.9320136!4d112.6435936!16s%2Fg%2F11b6p9q6n7!19sChIJMWv4ypIp1i0RkBTj8bjD1Sg?authuser=0&hl=id&rclk=1,Bengkel Sumpil 2,"4,3",-13,Bengkel Mobil,·,"3J9V+5CW, Jl. Sumpil 2",,,https://maps.gstatic.com/consumer/images/icons/2x/ic_directions_gm_blue_24px.png,Rute,0815-5564-3427,
,,,,,,https://www.google.com/maps/place/BENGKEL+TIEROD+AKBAR+MOTOR/data=!4m7!3m6!1s0x2dd629761acbf477:0x5660096505499824!8m2!3d-7.928884!4d112.6550432!16s%2Fg%2F11b6_p_pgd!19sChIJd_TLGnYp1i0RJJhJBWUJYFY?authuser=0&hl=id&rclk=1,BENGKEL TIEROD AKBAR MOTOR,"4,9",-15,Bengkel Mobil,·,Jl. Tlk. Pelabuhan Ratu No.89,Tutup,⋅ Buka Sen pukul 06.00,https://maps.gstatic.com/consumer/images/icons/2x/ic_directions_gm_blue_24px.png,Rute,·,0812-3040-7739
,,,,,,https://www.google.com/maps/place/Bengkel+Top+Mobil/data=!4m7!3m6!1s0x2dd629eab4651da7:0x5448c722a2164a6f!8m2!3d-7.9394038!4d112.6435254!16s%2Fg%2F1hf39lkgj!19sChIJpx1ltOop1i0Rb0oWoiLHSFQ?authuser=0&hl=id&rclk=1,Bengkel Top Mobil,"4,0",-151,Bengkel Mobil,·,Jl. A. Yani No.92-94,Tutup,⋅ Buka Sen pukul 08.00,https://maps.gstatic.com/consumer/images/icons/2x/ic_directions_gm_blue_24px.png,Rute,·,(0341) 486799
,,,,,,https://www.google.com/maps/place/Bengkel+Trijaya+Makmur/data=!4m7!3m6!1s0x2dd629c3b58e17a5:0x47fe1ae28d64d02d!8m2!3d-7.9279812!4d112.6307261!16s%2Fg%2F11g07sz2vl!19sChIJpReOtcMp1i0RLdBkjeIa_kc?authuser=0&hl=id&rclk=1,Bengkel Trijaya Makmur,,,Bengkel Mobil,·,Jl. Terusan Piranha Atas No.1,Tutup,⋅ Buka Sen pukul 08.00,https://maps.gstatic.com/consumer/images/icons/2x/ic_directions_gm_blue_24px.png,Rute,·,0878-5964-6699
,,,,,,https://www.google.com/maps/place/Bengkel+Tunggale+Motor/data=!4m7!3m6!1s0x2e78838b1a38be91:0x22c3ac4216f5059e!8m2!3d-7.9489764!4d112.6042807!16s%2Fg%2F11fm_2mv9p!19sChIJkb44GouDeC4RngX1FkKswyI?authuser=0&hl=id&rclk=1,Bengkel Tunggale Motor,"5,0",-6,Bengkel Sepeda Motor,·,Jl. Joyosuko Timur No.45,Tutup,·,https://www.gstatic.com/images/icons/material/system_gm/2x/public_gm_blue_24dp.png,Situs Web,0852-3414-6198,⋅ Buka Sen pukul 08.00
,,,,,,https://www.google.com/maps/place/Bengkel+Umi+Jaya/data=!4m7!3m6!1s0x2dd6297fd3066dff:0x8e1c9e47c9a717a!8m2!3d-7.9383279!4d112.6289832!16s%2Fg%2F11sxwt7zl3!19sChIJ_20G038p1i0RenGafOTJ4Qg?authuser=0&hl=id&rclk=1,Bengkel Umi Jaya,,,Bengkel Sepeda Motor,·,Jl. Soekarno Hatta No.90,,,https://maps.gstatic.com/consumer/images/icons/2x/ic_directions_gm_blue_24px.png,Rute,,
,,,,,,https://www.google.com/maps/place/Bengkel+vespa/data=!4m7!3m6!1s0x2dd62939fbdfa1ed:0x1e586adca0af59be!8m2!3d-7.9570224!4d112.6312573!16s%2Fg%2F11q8rm0ypb!19sChIJ7aHf-zkp1i0RvlmvoNxqWB4?authuser=0&hl=id&rclk=1,Bengkel vespa,,,Bengkel Skuter,·,Jl. Locari DLM No.8,,,https://maps.gstatic.com/consumer/images/icons/2x/ic_directions_gm_blue_24px.png,Rute,0822-3141-9270,
,,,,,,https://www.google.com/maps/place/Bengkel+vespa+Lonjeb/data=!4m7!3m6!1s0x2dd629cbd06eabb7:0xd091470b68a2c5fd!8m2!3d-7.9434494!4d112.6531626!16s%2Fg%2F11pkv98lnk!19sChIJt6tu0Msp1i0R_cWiaAtHkdA?authuser=0&hl=id&rclk=1,Bengkel vespa Lonjeb,"5,0",-4,Bengkel Sepeda Motor,·,Jl. Plaosan Timur No.45,,,https://maps.gstatic.com/consumer/images/icons/2x/ic_directions_gm_blue_24px.png,Rute,0857-5565-1718,
,,,,,,https://www.google.com/maps/place/Bengkel+vespa+SPRL/data=!4m7!3m6!1s0x2dd629d480cc7759:0xa51d64aa7285fbcd!8m2!3d-7.9467476!4d112.6387219!16s%2Fg%2F11rjvl34ct!19sChIJWXfMgNQp1i0RzfuFcqpkHaU?authuser=0&hl=id&rclk=1,Bengkel vespa SPRL,,,Bengkel Sepeda Motor,·,Jl. Letjen S. Parman III No.12 e,Tutup,⋅ Buka Sen pukul 10.00,https://maps.gstatic.com/consumer/images/icons/2x/ic_directions_gm_blue_24px.png,Rute,·,0821-3252-1654
,,,,,,https://www.google.com/maps/place/Bengkel+Wak+On/data=!4m7!3m6!1s0x2dd629f477b5d79b:0xbe882f18e7bcc507!8m2!3d-7.9252863!4d112.6398145!16s%2Fg%2F11g8_6z9dw!19sChIJm9e1d_Qp1i0RB8W85xgviL4?authuser=0&hl=id&rclk=1,Bengkel Wak On,"5,0",-1,Bengkel Mobil,·,3JFQ+VWP,Buka,⋅ Tutup pukul 18.00,https://maps.gstatic.com/consumer/images/icons/2x/ic_directions_gm_blue_24px.png,Rute,·,0851-0143-3999
,,,,,,https://www.google.com/maps/place/Bengkel+Wondo/data=!4m7!3m6!1s0x2dd629cbe8c6fffb:0x8a73c0b6a195a1f8!8m2!3d-7.956685!4d112.638919!16s%2Fg%2F11b6d9fccd!19sChIJ-__G6Msp1i0R-KGVobbAc4o?authuser=0&hl=id&rclk=1,Bengkel Wondo,"5,0",-2,Bengkel Mobil,·,"2JVQ+8HF, Jl. Industri Tim.",Tutup,⋅ Buka Sen pukul 08.00,https://maps.gstatic.com/consumer/images/icons/2x/ic_directions_gm_blue_24px.png,Rute,·,0822-3161-4858
,,,,,,https://www.google.com/maps/place/Bengkel+Yofika/data=!4m7!3m6!1s0x2e7883d0084b154d:0x44f61b05b7b02883!8m2!3d-7.9490945!4d112.6099039!16s%2Fg%2F11llk9mfgf!19sChIJTRVLCNCDeC4RgyiwtwUb9kQ?authuser=0&hl=id&rclk=1,Bengkel Yofika,,,Bengkel Sepeda Motor,·,"3J25+9X6, Jl. Kerto Pamuji",Buka,⋅ Tutup pukul 19.00,https://maps.gstatic.com/consumer/images/icons/2x/ic_directions_gm_blue_24px.png,Rute,,
,,,,,,https://www.google.com/maps/place/Bengkel+Yung2+Motor+Malang/data=!4m7!3m6!1s0x2dd6295db71a116d:0xc4251ce7d8a32b53!8m2!3d-7.9555886!4d112.6364221!16s%2Fg%2F11j3xg7h12!19sChIJbREat10p1i0RUyuj2OccJcQ?authuser=0&hl=id&rclk=1,Bengkel Yung2 Motor Malang,,,Bengkel Sepeda Motor,·,Jl. Selorejo No.30,,,https://maps.gstatic.com/consumer/images/icons/2x/ic_directions_gm_blue_24px.png,Rute,,
,,,,,,https://www.google.com/maps/place/BM+%22Bengkel+Malang%22/data=!4m7!3m6!1s0x2e78826b25cc6871:0x3a69f0074fcd9243!8m2!3d-7.9437284!4d112.5994535!16s%2Fg%2F11by_yf5yp!19sChIJcWjMJWuCeC4RQ5LNTwfwaTo?authuser=0&hl=id&rclk=1,"BM ""Bengkel Malang""","4,9",-26,Bengkel Bongkar Pasang Mesin,·,"Jalan Joyo Tamansari 1, Merjosari, Lowokwaru",Buka,⋅ Tutup pukul 21.00,https://maps.gstatic.com/consumer/images/icons/2x/ic_directions_gm_blue_24px.png,Rute,·,0852-9087-2622
,,,,,,https://www.google.com/maps/place/Body+Repair+Langgeng/data=!4m7!3m6!1s0x2dd629c90d9d4f09:0xcf29e277bd39eece!8m2!3d-7.9544344!4d112.6399974!16s%2Fg%2F1hc841_bm!19sChIJCU-dDckp1i0Rzu45vXfiKc8?authuser=0&hl=id&rclk=1,Body Repair Langgeng,"4,6",-89,Bengkel Mobil,·,Jl. Karya Timur No.12,Tutup,·,https://www.gstatic.com/images/icons/material/system_gm/2x/public_gm_blue_24dp.png,Situs Web,(0341) 491212,⋅ Buka Sen pukul 08.30
,,,,,,https://www.google.com/maps/place/Denso+Malang/data=!4m7!3m6!1s0x2dd629c06832dd91:0xb8d0c3851cd2dcef!8m2!3d-7.9458222!4d112.6407881!16s%2Fg%2F11b73ln_t7!19sChIJkd0yaMAp1i0R79zSHIXD0Lg?authuser=0&hl=id&rclk=1,Denso Malang,"4,1",-7,Bengkel AC,·,Jl. Letjend S. Parman No.108,Tutup,·,https://www.gstatic.com/images/icons/material/system_gm/2x/public_gm_blue_24dp.png,Situs Web,(0341) 474733,⋅ Buka Sen pukul 08.00
,,,,,,https://www.google.com/maps/place/dk.autoworks+-+Bengkel+Mobil/data=!4m7!3m6!1s0x2dd62984cebd972b:0x6b09ddc14b0aa21!8m2!3d-7.9477271!4d112.6200284!16s%2Fg%2F11spmwksc3!19sChIJK5e9zoQp1i0RIaqwFNydsAY?authuser=0&hl=id&rclk=1,dk.autoworks - Bengkel Mobil,"5,0",-17,Bengkel Mobil,·,Jl. Semanggi Timur No.8,Buka,⋅ Tutup pukul 18.00,https://maps.gstatic.com/consumer/images/icons/2x/ic_directions_gm_blue_24px.png,Rute,·,0812-2582-1298
,,,,,,https://www.google.com/maps/place/DM+BENGKEL+CAT/data=!4m7!3m6!1s0x2dd629b27c81272b:0x7c5dc68ed1760957!8m2!3d-7.9572626!4d112.6551975!16s%2Fg%2F11f55hy1pp!19sChIJKyeBfLIp1i0RVwl20Y7GXXw?authuser=0&hl=id&rclk=1,DM BENGKEL CAT,"4,8",-4,Bengkel Mobil,·,Jl. Simpang Sulfat Utara XI No.10,Tutup,·,https://www.gstatic.com/images/icons/material/system_gm/2x/public_gm_blue_24dp.png,Situs Web,0822-4441-0595,⋅ Buka Sen pukul 08.00
,,,,,,https://www.google.com/maps/place/Fathir+Bengkel/data=!4m7!3m6!1s0x2e78828255767773:0x2683c21b3721545b!8m2!3d-7.9698096!4d112.6170081!16s%2Fg%2F11b75gzw3r!19sChIJc3d2VYKCeC4RW1QhNxvCgyY?authuser=0&hl=id&rclk=1,Fathir Bengkel,"4,8",-12,Bengkel Sepeda Motor,·,"2JJ8+3RC, Jl. Simpang Wilis Indah",Tutup,⋅ Buka Sen pukul 09.00,https://maps.gstatic.com/consumer/images/icons/2x/ic_directions_gm_blue_24px.png,Rute,·,0822-5710-6502
,,,,,,https://www.google.com/maps/place/Harun+Motor+Service/data=!4m7!3m6!1s0x2dd62995fe0c09e3:0x29a6a91ebc69078d!8m2!3d-7.9398411!4d112.6497653!16s%2Fg%2F1hm3dj87l!19sChIJ4wkM_pUp1i0RjQdpvB6ppik?authuser=0&hl=id&rclk=1,Harun Motor Service,"4,5",-10,Bengkel Sepeda Motor,·,Jl. Raden Panji Suroso No.9,Tutup,·,https://www.gstatic.com/images/icons/material/system_gm/2x/public_gm_blue_24dp.png,Situs Web,0821-7529-0908,⋅ Buka Sen pukul 08.00
,,,,,,https://www.google.com/maps/place/HPS+Bengkel/data=!4m7!3m6!1s0x2dd629db09ce3703:0x978e94c02eff1ca2!8m2!3d-7.9480487!4d112.6288695!16s%2Fg%2F11cp5hwlws!19sChIJAzfOCdsp1i0Rohz_LsCUjpc?authuser=0&hl=id&rclk=1,HPS Bengkel,"3,7",-6,Bengkel Mobil,·,Jl. Puring No.13,,,https://maps.gstatic.com/consumer/images/icons/2x/ic_directions_gm_blue_24px.png,Rute,0818-387-926,
,,,,,,https://www.google.com/maps/place/Industri+%26+Bengkel+Hok/data=!4m7!3m6!1s0x2dd629b7801a641b:0x8e930aa2102c8842!8m2!3d-7.9463204!4d112.6470441!16s%2Fg%2F1hc5c7x0f!19sChIJG2QagLcp1i0RQogsEKIKk44?authuser=0&hl=id&rclk=1,Industri & Bengkel Hok,"4,3",-15,Bengkel Mobil,·,Jl. Sunandar Priyo Sudarmo,Tutup,·,https://www.gstatic.com/images/icons/material/system_gm/2x/public_gm_blue_24dp.png,Situs Web,(0341) 494188,⋅ Buka Sen pukul 08.00
,,,,,,https://www.google.com/maps/place/Kusuma+Motor/data=!4m7!3m6!1s0x2dd629a52997f6d1:0xba1597191eb509a3!8m2!3d-7.943302!4d112.6475935!16s%2Fg%2F1pzpp1nfh!19sChIJ0faXKaUp1i0Rowm1HhmXFbo?authuser=0&hl=id&rclk=1,Kusuma Motor,"3,9",-70,Bengkel Sepeda Motor,·,Jl. Laksda Adi Sucipto No.328,Tutup,⋅ Buka Sen pukul 09.00,https://maps.gstatic.com/consumer/images/icons/2x/ic_directions_gm_blue_24px.png,Rute,·,(0341) 407166
,,,,,,https://www.google.com/maps/place/Leo+Motor+%28Bengkel+%26+Onderdil%29/data=!4m7!3m6!1s0x2dd6298ba5f6baa1:0x2d34e7c6d8ca4fe1!8m2!3d-7.9410606!4d112.6404291!16s%2Fg%2F11j0186hxj!19sChIJobr2pYsp1i0R4U_K2MbnNC0?authuser=0&hl=id&rclk=1,Leo Motor (Bengkel & Onderdil),"4,1",-11,Bengkel Sepeda Motor,·,Jl. Borobudur No.5,Tutup,·,https://www.gstatic.com/images/icons/material/system_gm/2x/public_gm_blue_24dp.png,Situs Web,0899-0301-302,⋅ Buka Sen pukul 08.00
,,,,,,https://www.google.com/maps/place/Lima+Motor+Bengkel/data=!4m7!3m6!1s0x2e78827afa3cb909:0x419f7431cb1fd7c!8m2!3d-7.9553011!4d112.6113276!16s%2Fg%2F1pztdkt5p!19sChIJCbk8-nqCeC4RfP2xHEP3GQQ?authuser=0&hl=id&rclk=1,Lima Motor Bengkel,"4,8",-4,Bengkel Sepeda Motor,·,"JL. Sumbersari, No. 286 A",Tutup,⋅ Buka Sen pukul 08.00,https://maps.gstatic.com/consumer/images/icons/2x/ic_directions_gm_blue_24px.png,Rute,·,0851-0043-7785
,,,,,,https://www.google.com/maps/place/OBLO+BENGKEL+Motor/data=!4m7!3m6!1s0x2e7882143f8c9425:0x168bcc6421ab6690!8m2!3d-7.939045!4d112.6003966!16s%2Fg%2F11hd1vkq39!19sChIJJZSMPxSCeC4RkGarIWTMixY?authuser=0&hl=id&rclk=1,OBLO BENGKEL Motor,"5,0",-7,Bengkel Sepeda Motor,·,Jl. Tlogo Sari No.649,Segera tutup,·,https://www.gstatic.com/images/icons/material/system_gm/2x/public_gm_blue_24dp.png,Situs Web,0857-5559-7120,⋅ 17.00 ⋅ Buka Sen pukul 08.00
,,,,,,https://www.google.com/maps/place/pak+dhe+bengkel+mobil+37/data=!4m7!3m6!1s0x2dd62996bdb1accd:0x8f4e9f86acbd40fc!8m2!3d-7.961641!4d112.6276732!16s%2Fg%2F11f8jy9sfx!19sChIJzayxvZYp1i0R_EC9rIafTo8?authuser=0&hl=id&rclk=1,pak dhe bengkel mobil 37,"4,9",-22,Bengkel Mobil,·,Jl. Tapaksiring No.37,Tutup,·,https://www.gstatic.com/images/icons/material/system_gm/2x/public_gm_blue_24dp.png,Situs Web,0896-4455-6939,⋅ Buka Sen pukul 08.00
,,,,,,https://www.google.com/maps/place/Pentol+Bengkel/data=!4m7!3m6!1s0x2dd629b7b1c20829:0x50abe94e22bd7b2c!8m2!3d-7.952619!4d112.645871!16s%2Fg%2F11b6br_hvj!19sChIJKQjCsbcp1i0RLHu9Ik7pq1A?authuser=0&hl=id&rclk=1,Pentol Bengkel,,,Bengkel Sepeda Motor,·,"2JWW+X85, Jl. Sunandar Priyo Sudarmo",Tutup sementara,,https://maps.gstatic.com/consumer/images/icons/2x/ic_directions_gm_blue_24px.png,Rute,,
,,,,,,https://www.google.com/maps/place/S+Bengkel+Motor+%26+Ban/data=!4m7!3m6!1s0x2dd6297a821b747f:0xa50f18c2d09e9c12!8m2!3d-7.959356!4d112.6318538!16s%2Fg%2F11srt_vfvj!19sChIJf3Qbgnop1i0REpye0MIYD6U?authuser=0&hl=id&rclk=1,S Bengkel Motor & Ban,,,Bengkel Sepeda Motor,·,Jl. Sarangan,Buka,⋅ Tutup pukul 21.00,https://maps.gstatic.com/consumer/images/icons/2x/ic_directions_gm_blue_24px.png,Rute,·,0838-8571-377
,,,,,,https://www.google.com/maps/place/Sangari+Bengkel/data=!4m7!3m6!1s0x2e78821b4811300f:0x174fe37f4a5dcfc!8m2!3d-7.9284944!4d112.6072222!16s%2Fg%2F11b75k0yrn!19sChIJDzARSBuCeC4R_Nyl9Df-dAE?authuser=0&hl=id&rclk=1,Sangari Bengkel,"4,9",-7,Bengkel Sepeda Motor,·,"3JC4+JV5, Jl. Saxophone",Segera tutup,⋅ 17.00 ⋅ Buka Sen pukul 08.00,https://maps.gstatic.com/consumer/images/icons/2x/ic_directions_gm_blue_24px.png,Rute,·,0888-4808-073
,,,,,,https://www.google.com/maps/place/Servis+Radiator+Marno+dan+Service+Mobil+OTOGARAGE+77/data=!4m7!3m6!1s0x2dd629c9136cf33b:0x3f11cff3c04d177d!8m2!3d-7.9545028!4d112.6397474!16s%2Fg%2F11b6ctqvpt!19sChIJO_NsE8kp1i0RfRdNwPPPET8?authuser=0&hl=id&rclk=1,Servis Radiator Marno dan Service Mobil OTOGARAGE 77,"4,8",-17,Bengkel Radiator Mobil,·,Jl. Karya Timur,Tutup,·,https://www.gstatic.com/images/icons/material/system_gm/2x/public_gm_blue_24dp.png,Situs Web,0851-0048-2701,⋅ Buka Sen pukul 08.00
,,,,,,https://www.google.com/maps/place/Simple+Bengkel+Mas+Pell/data=!4m7!3m6!1s0x2dd629bf799d9bab:0xb4265c9a8abac947!8m2!3d-7.9431639!4d112.6441965!16s%2Fg%2F11b6d9g990!19sChIJq5udeb8p1i0RR8m6ippcJrQ?authuser=0&hl=id&rclk=1,Simple Bengkel Mas Pell,,,Bengkel Sepeda Motor,·,"3J4V+PMP, Jl. Tenaga Utara",Tutup sementara,,https://maps.gstatic.com/consumer/images/icons/2x/ic_directions_gm_blue_24px.png,Rute,·,0896-6394-4108
,,,,,,https://www.google.com/maps/place/Solikin+Bengkel/data=!4m7!3m6!1s0x2e788355815c9387:0x8bb57c7afdb8a491!8m2!3d-7.9606459!4d112.6137289!16s%2Fg%2F11ghfcy_8m!19sChIJh5NcgVWDeC4RkaS4_Xp8tYs?authuser=0&hl=id&rclk=1,Solikin Bengkel,"3,0",-2,Bengkel Sepeda Motor,·,Jl. Bendungan Sutami No.110B,Segera tutup,⋅ 17.00 ⋅ Buka Sen pukul 08.00,https://maps.gstatic.com/consumer/images/icons/2x/ic_directions_gm_blue_24px.png,Rute,,
,,,,,,https://www.google.com/maps/place/Sumber+Makmur+Bengkel+%26+Variasi+Mobil/data=!4m7!3m6!1s0x2dd629b82b76ad43:0x6b4e33e5aa3e89fb!8m2!3d-7.9503514!4d112.6465641!16s%2Fg%2F11b75p5fjg!19sChIJQ612K7gp1i0R-4k-quUzTms?authuser=0&hl=id&rclk=1,Sumber Makmur Bengkel & Variasi Mobil,"4,8",-113,Bengkel Mobil,·,Jl. Sunandar Priyo Sudarmo,Tutup,·,https://www.gstatic.com/images/icons/material/system_gm/2x/public_gm_blue_24dp.png,Situs Web,0851-0275-7707,⋅ Buka Sen pukul 09.00